smiles,vd
OC(Cn1ccnc1)(P(=O)(O)O)P(=O)(O)O,-0.2218487496163564
CCCC(=O)OCOC(=O)C1=C(C)NC(=C(C1c2cccc(Cl)c2Cl)C(=O)OC)C,-0.23657200643706275
CCC(=O)N(C1CCN(CCc2ccccc2)CC1)c3ccccc3,-0.050609993355087216
CC(C)C[C@H](NC(=O)[C@H](Cc1ccccc1)NC(=O)c2cnccn2)B(O)O,1.0
CC(=O)Nc1ccc(O)cc1,0.0
COC(=O)Nc1nc2cc(ccc2[nH]1)C(=O)c3ccccc3,0.07918124604762483
CC[C@H](OC(C)=O)C(C[C@H](C)N(C)C)(C1=CC=CC=C1)C1=CC=CC=C1,0.9190780923760741
CN(CCOc1ccc(NS(=O)(=O)C)cc1)CCc2ccc(NS(=O)(=O)C)cc2,0.5185139398778874
NC1=NC(=O)N(C=N1)[C@H]2C[C@H](O)[C@@H](CO)O2,0.6627578316815741
Clc1ccc2NC(=O)CN=C(c3ccccc3)c2c1,-0.3467874862246563
Cc1ccc(cc1NC(=O)c2cccc(NC(=O)Nc3cccc(c3)C(=O)Nc4cc(ccc4C)C(=O)Nc5ccc(c6cc(cc(c56)S(=O)(=O)O)S(=O)(=O)O)S(=O)(=O)O)c2)C(=O)Nc7ccc(c8cc(cc(c78)S(=O)(=O)O)S(=O)(=O)O)S(=O)(=O)O,-0.26760624017703144
CC(C)NCC(O)COc1cccc2ccccc12,0.4913616938342727
CN(C)CC\C=C\1/c2ccccc2COc3ccccc13,1.0791812460476249
COc1ccc(cc1)C(CN(C)C)C2(O)CCCCC2,0.6434526764861874
Nc1nc(N)c2nc(c(N)nc2n1)c3ccccc3,1.1139433523068367
N[C@@H](C(=O)N[C@H]1[C@H]2SCC(=C(N2C1=O)C(=O)O)CSc3c[nH]nn3)c4ccc(O)cc4,-0.6575773191777937
CCN(CC)CCNC(=O)c1ccc(N)cc1,0.3424226808222063
CCN1CC(CCN2CCOCC2)C(C1=O)(c3ccccc3)c4ccccc4,0.07918124604762483
CN\C(=C/[N+](=O)[O-])\NCCSCc1oc(CN(C)C)cc1,0.07918124604762483
CC(NCCc1ccc(O)cc1)C(O)c2ccc(O)cc2,0.6434526764861874
CCCNC(C)C(=O)Nc1ccccc1C,0.568201724066995
NCCCCCC(=O)O,-0.4089353929735008
CN[C@@H]1[C@@H](O)[C@@H](O[C@H]2[C@H](N)C[C@H](N)[C@@H](O[C@H]3OC(=CC[C@H]3N)CN)[C@@H]2O)OC[C@]1(C)O,-0.7212463990471709
Clc1ccc2nsnc2c1NC3=NCCN3,0.380211241711606
CN1C(=O)N(C)c2ncn(CC(O)CO)c2C1=O,-0.3767507096020996
COc1cc2c(N)nc(nc2c(OC)c1OC)N3CCN(CC3)C(=O)OCC(C)(C)O,-0.7447274948966941
OCCNCCNc1ccc(NCCNCCO)c2C(=O)c3c(O)ccc(O)c3C(=O)c12,1.0791812460476249
O=C1N(C[C@H]2CCCc3cccc1c23)[C@@H]4CN5CCC4CC5,0.7993405494535817
CC1(C)O[C@@H]2C[C@H]3[C@@H]4CCC5=CC(=O)C=C[C@]5(C)[C@@]4(F)[C@@H](O)C[C@]3(C)[C@@]2(O1)C(=O)CO,0.146128035678238
NCC[C@H](O)C(=O)N[C@@H]1C[C@H](N)[C@@H](OC2O[C@H](CN)[C@@H](O)[C@H](O)[C@H]2O)[C@H](O)[C@H]1OC3O[C@H](CO)[C@@H](O)[C@H](N)[C@H]3O,-0.7958800173440752
CC(Oc1ccccc1)C(=O)N[C@H]2[C@H]3SC(C)(C)[C@@H](N3C2=O)C(=O)O,-0.5228787452803376
Cc1ccc(cc1)C(=O)c2cc(O)c(O)c(c2)[N+](=O)[O-],-0.9208187539523752
CC(=O)Oc1ccccc1C(=O)O,-0.6575773191777937
OC(CCN1CCCCC1)(C2C[C@H]3C[C@@H]2C=C3)c4ccccc4,1.0791812460476249
CN[C@@H](C)Cc1ccccc1,0.6334684555795865
Cc1cnc(cn1)C(=O)NCCc2ccc(cc2)S(=O)(=O)NC(=O)NC3CCCCC3,-0.7958800173440752
CO\N=C(\C(=O)N[C@H]1[C@H]2SCC(=C(N2C1=O)C(=O)O)COC(=O)N)/c3occc3,-0.8239087409443188
CC(C(=O)O)c1ccc(cc1)C(=O)c2cccs2,-1.3979400086720375
CN1C(=O)NC(=O)C(C)(C2=CCCCC2)C1=O,0.041392685158225084
CN(C)Cc1nnc2CN=C(c3ccccc3)c4cc(Cl)ccc4n12,-0.00877392430750515
Nc1c(CC(=O)O)cccc1C(=O)c2ccc(Br)cc2,-0.958607314841775
NNc1nncc2ccccc12,0.17609125905568124
CCOc1ccc2ccccc2c1C(=O)N[C@H]3[C@H]4SC(C)(C)[C@@H](N4C3=O)C(=O)O,-0.6575773191777937
CCN1CCC[C@H]1CNC(=O)c2c(OC)ccc(Br)c2OC,-0.1870866433571444
C[C@H]1O[C@H](O[C@H]2[C@H](O)[C@@H](O)[C@@H](O[C@H]3[C@H](O)[C@@H](O)[C@H](O)O[C@@H]3CO)O[C@@H]2CO)[C@H](O)[C@@H](O)[C@@H]1N[C@H]4C=C(CO)[C@@H](O)[C@H](O)[C@H]4O,-0.494850021680094
CC(C)(C)NCC(O)c1cc(O)cc(O)c1,0.17609125905568124
CCCCCCCCCCNCCN[C@]1(C[C@@H](O[C@H]([C@H]1O)C)O[C@@H]1[C@H]([C@@H]([C@H](O[C@H]1Oc1c2cc3cc1Oc1c(cc(cc1)[C@H]([C@H](C(=O)N[C@H](C(=O)N[C@H]3C(=O)N[C@@H]1c3cc(c(cc3)O)c3c(c(c(cc3[C@H](NC(=O)[C@H]([C@@H](c3cc(c(O2)cc3)Cl)O)NC1=O)C(=O)O)O)CNCP(=O)(O)O)O)CC(=O)N)NC(=O)[C@@H](CC(C)C)NC)O)Cl)CO)O)O)C,-0.958607314841775
Oc1ncnc2[nH]ncc12,-0.23657200643706275
OC(=O)Cc1ccccc1Nc2c(Cl)cccc2Cl,-0.6575773191777937
C[C@@H]1[C@H]2Cc3ccc(O)cc3[C@]1(C)CCN2CC=C(C)C,0.5314789170422551
CCCNC(=O)NS(=O)(=O)c1ccc(Cl)cc1,-0.7212463990471709
CC1=C(CCN2CCC(CC2)c3noc4cc(F)ccc34)C(=O)N5CCCCC5=N1,0.041392685158225084
CN(CC(=O)N)C(=O)N(CCCl)[NH2+][O-],-0.11918640771920865
COc1ccc2Sc3ccccc3N(C[C@H](C)CN(C)C)c2c1,1.0791812460476249
COc1ccc2[nH]c(nc2c1)S(=O)Cc3ncc(C)c(OC)c3C,-0.6197887582883941
NC(=O)CC[C@H](NC(=O)[C@H](Cc1ccccc1)NC(=O)[C@H](Cc2ccc(O)cc2)NC(=O)CCS)C(=O)N[C@@H](CC(=O)N)C(=O)N[C@@H](CS)C(=O)N3CCC[C@H]3C(=O)N[C@H](CCCNC(=N)N)C(=O)NCC(=O)N,-0.5228787452803376
CO\N=C(/C(=O)N[C@H]1[C@H]2SCC(=C(N2C1=O)C(=O)O)CSc3nc(C)c(CC(=O)O)s3)\c4csc(N)n4,-1.2676062401770316
CN(C)CCC=C1c2ccccc2CCc3ccccc13,0.9395192526186184
COc1cccc2C(=O)c3c(O)c4C[C@](O)(C[C@H](O[C@H]5C[C@H](N)[C@@H](O)[C@H](C)O5)c4c(O)c3C(=O)c12)C(=O)CO,1.6532125137753435
COc1cccc2C(=O)c3c(O)c4C[C@](O)(C[C@H](O[C@H]5C[C@H](N)[C@H](O)[C@H](C)O5)c4c(O)c3C(=O)c12)C(=O)CO,1.3424226808222062
CNCCC[C@@]12CC[C@@H](c3ccccc13)c4ccccc24,1.6532125137753435
COc1cc2[nH]nnc2cc1C(=O)NCC3CCCN3CC=C,0.2041199826559248
CCOC(=O)C1=C(COCCN)NC(=C(C1c2ccccc2Cl)C(=O)OC)C,1.230448921378274
Cc1onc(c1C(=O)N[C@H]2[C@H]3SC(C)(C)[C@@H](N3C2=O)C(=O)O)c4c(F)cccc4Cl,-0.7212463990471709
COc1ccc(Cl)cc1[C@]2(F)C(=O)Nc3cc(ccc23)C(F)(F)F,1.0
CC[C@H]1OC(=O)[C@H](C)[C@@H](O[C@H]2C[C@@](C)(OC)[C@@H](O)[C@H](C)O2)[C@H](C)[C@@H](O[C@@H]3O[C@H](C)C[C@@H]([C@H]3O)N(C)C)[C@](C)(O)C[C@@H](C)CN(C)[C@H](C)[C@@H](O)[C@]1(C)O,1.5185139398778875
c1ccc2c(c1)[C@@]13C\4N2\C=C\2/C5N(c6ccccc6[C@]56[C@@]5(C[C@]2(\C(\C[N+]5(CC6)CC=C)=C\CO)[H])[H])\C=C4\[C@]\2(C[C@@]1([N+](CC3)(C/C2=C/CO)CC=C)[H])[H],-0.494850021680094
CN1C(=O)N(CCCCC(=O)C)C(=O)c2c1ncn2C,0.2552725051033061
CN(C)CCCNc1ncc(C)c2[nH]c3ccc4cc(O)ccc4c3c12,1.0413926851582251
Fc1ccc(cc1)[C@@H]2CCNC[C@H]2COc3ccc4OCOc4c3,1.2552725051033058
OC(=O)C1=C(C[n+]2ccccc2)CS[C@@H]3[C@H](NC(=O)Cc4cccs4)C(=O)N13,-0.3372421683184259
C[C@]12CC[C@H]3[C@@H](CCc4cc(OC(=O)N(CCCl)CCCl)ccc34)[C@@H]1CC[C@@H]2OP(=O)(O)O,-0.9208187539523752
S=P(N1CC1)(N2CC2)N3CC3,0.2041199826559248
CS(=O)(=O)OCCCCOS(=O)(=O)C,-0.2596373105057561
Brc1ccc2NC(=O)CN=C(c3ccccn3)c2c1,-0.07058107428570727
COc1ccccc1Oc2c(NS(=O)(=O)c3ccc(cn3)C(C)C)nc(nc2OCCO)c4ccnc(c4)c5nnn[nH]5,-0.5528419686577808
CN(C(=O)C)c1c(I)c(NC(=O)C)c(I)c(C(=O)O)c1I,-0.7695510786217259
CCCCc1nc(Cl)c(CO)n1Cc2ccc(cc2)c3ccccc3c4nnn[nH]4,-0.431798275933005
NC(=N)NC(=O)Cc1c(Cl)cccc1Cl,0.7481880270062004
CC(C)(C)NC(=O)[C@@H]1CN(Cc2cccnc2)CCN1C[C@@H](O)C[C@@H](Cc3ccccc3)C(=O)N[C@@H]4[C@H](O)Cc5ccccc45,-0.08618614761628332
CC(=O)NC[C@H]1CN(C(=O)O1)c2ccc(N3CCOCC3)c(F)c2,-0.23657200643706275
Sc1ncnc2nc[nH]c12,0.0
CCN(CC)CCNC(=O)c1ccc(NC(=O)C)cc1,0.2787536009528289
CC1(C)C[C@@H]1C(=O)N\C(=C/CCCCSC[C@H](N)C(=O)O)\C(=O)O,-0.8239087409443188
OC1(CCN(CCCC(=O)c2ccc(F)cc2)CC1)c3ccc(Cl)cc3,1.230448921378274
OC(=O)c1cc(ccc1O)N=Nc2ccc(O)c(c2)C(=O)O,-1.1549019599857429
Clc1cccc(Cl)c1N=C2NCCN2,0.5185139398778874
OP(=O)(O)OC(Cn1cncn1)(Cn2cncn2)c3ccc(F)cc3F,-0.8239087409443188
CC(=O)N[C@@H](CS)C(=O)O,-0.2596373105057561
COc1ccc2CN(C)CC[C@@]34C=C[C@H](O)C[C@@H]3Oc1c24,0.3617278360175928
CNS(=O)(=O)Cc1ccc2[nH]cc(CCN(C)C)c2c1,0.2304489213782739
CCS(=O)(=O)CCn1c(C)ncc1[N+](=O)[O-],-0.22914798835785585
COc1cc(cc(OC)c1O)[C@H]2[C@@H]3[C@H](COC3=O)[C@H](O[C@@H]4O[C@@H]5CO[C@H](C)O[C@H]5[C@H](O)[C@H]4O)c6cc7OCOc7cc26,-0.7447274948966941
Cc1c(OCC(F)(F)F)ccnc1CS(=O)c2nc3ccccc3[nH]2,-0.5528419686577808
CCC[C@@H]1C[C@H](N(C)C1)C(=O)NC(C(C)O)[C@H]2O[C@H](SC)[C@H](O)[C@@H](O)[C@H]2O,0.0
NC(=N)N1CCC[C@H](CNC(=O)C[C@H](NS(=O)(=O)c2ccc3ccccc3c2)C(=O)N(CC(=O)O)C4CC4)C1,-0.4436974992327127
CC(=O)Nc1nnc(s1)S(=O)(=O)N,-0.431798275933005
CN(C)N=Nc1[nH]cnc1C(=O)N,0.07918124604762483
CC[C@H](C)C(=O)O[C@H]1C[C@H](O)C=C2C=C[C@H](C)[C@H](CC[C@@H](O)C[C@@H](O)CC(=O)O)[C@@H]12,-0.3372421683184259
CCCCCCCN(CC)CCCC(O)c1ccc(NS(=O)(=O)C)cc1,1.0791812460476249
CC(C)c1nc(nc(c1/C=C/[C@@H](C[C@H](CC(=O)O)O)O)c1ccc(cc1)F)N(C)S(=O)(=O)C,0.2304489213782739
OC(=O)P(=O)(O)O,-0.3010299956639812
CCCN1C(=O)NC(=O)c2[nH]cnc12,-0.2006594505464183
[O-][N+](=O)c1oc(\C=N\N2CC(=O)NC2=O)cc1,-0.24412514432750865
CCCC(C)C1(CC)C(=O)NC(=O)NC1=O,-0.040958607678906384
CN(C)C(=O)CCS[C@H](SCCC(=O)O)c1cccc(\C=C\c2ccc3ccc(Cl)cc3n2)c1,-0.958607314841775
CCO[C@@H](Cc1ccc(OCCc2ccc(OS(=O)(=O)C)cc2)cc1)C(=O)O,-0.8860566476931632
CC(=O)N(CC(O)CO)c1c(I)c(C(=O)NCC(O)CO)c(I)c(C(=O)NCC(O)CO)c1I,-0.7958800173440752
Cc1noc(NS(=O)(=O)c2ccc(N)cc2)c1C,-0.7695510786217259
COc1cc2nc(nc(N)c2cc1OC)N3CCN(CC3)C(=O)c4occc4,-0.1366771398795441
c1c(ccc(c1)[C@@H]([C@H]([C@@]1(NC(=O)[C@@]2(C[C@H](CN2C([C@]([C@H](C)O)(NC(=O)[C@@H](C[C@H]([C@H](NC([C@]2(N(C(C(NC1=O)[C@H](C)O)=O)C[C@@H]([C@@H]2O)C)[H])=O)O)O)NC(c1ccc(cc1)c1ccc(cc1)c1ccc(cc1)OCCCCC)=O)[H])=O)O)[H])[H])O)O)O,-0.24412514432750865
COC(=O)C1=C(C)NC(=C(C1c2cccc3nonc23)C(=O)OC(C)C)C,0.17609125905568124
COc1cc(NCc2ccc3nc(N)nc(N)c3c2C)cc(OC)c1OC,-0.11350927482751813
CN[C@@H]1CCc2[nH]c3ccc(cc3c2C1)C(=O)N,0.5563025007672873
CCOC(=O)Nc1ccc(NCc2ccc(F)cc2)nc1N,0.041392685158225084
Clc1cccc(N2CCN(CCCCOc3ccc4CCC(=O)Nc4c3)CC2)c1Cl,0.6901960800285137
CC(N)Cc1ccccc1,0.7853298350107671
C[C@H]1O[C@H](C[C@H](O)[C@@H]1O)O[C@H]2[C@@H](O)C[C@H](O[C@H]3[C@@H](O)C[C@H](O[C@H]4CC[C@@]5(C)C(CCC6[C@@H]5CC[C@]7(C)[C@H](CC[C@]67O)C8=CC(=O)OC8)C4)O[C@@H]3C)O[C@@H]2C,-0.3565473235138126
Cc1onc(c2ccccc2)c1C(=O)N[C@H]3[C@H]4SC(C)(C)[C@@H](N4C3=O)C(=O)O,-0.7212463990471709
CN1CC[C@@]23[C@H]4CCC(=O)[C@@H]2Oc5c(O)ccc(C[C@@H]14)c35,0.6334684555795865
COc1cc(Cc2cnc(N)nc2N)cc(OC)c1OC,0.17609125905568124
CN(C)[C@H]1[C@@H]2C[C@@H]3[C@H](O)c4c(Cl)ccc(O)c4C(=O)C3C(=O)[C@]2(O)C(=O)C(C(=O)N)C1=O,0.1139433523068368
CO[C@]12CC[C@@]3(C[C@@H]1[C@](C)(O)C(C)(C)C)[C@H]4Cc5ccc(O)c6O[C@@H]2[C@]3(CCN4CC7CC7)c56,0.6901960800285137
CO[C@@H]1C[C@@H](C[C@@H](C)[C@@H]2CC(=O)[C@H](C)\C=C(/C)\[C@@H](O)[C@@H](OC)C(=O)[C@H](C)C[C@H](C)\C=C\C=C\C=C(/C)\[C@H](C[C@@H]3CC[C@@H](C)[C@@](O)(O3)C(=O)C(=O)N4CCCC[C@H]4C(=O)O2)OC)CC[C@H]1OC(=O)C(C)(CO)CO,0.4771212547196624
C[C@H]1[C@H](NC(=O)\C(=N/OC(C)(C)C(=O)O)\c2csc(N)n2)C(=O)N1S(=O)(=O)O,-0.7447274948966941
CN1CCN(CCCCN2C(=O)CN(\N=C\c3oc(cc3)c4ccc(Cl)cc4)C2=O)CC1,1.1139433523068367
C[C@@H](O[C@H]1OCCN(CC2=NC(=O)NN2)[C@H]1c3ccc(F)cc3)c4cc(cc(c4)C(F)(F)F)C(F)(F)F,-0.02687214640030136
C[C@@H](O)[C@@H]1[C@H]2[C@@H](C)C(=C(N2C1=O)C(=O)O)SC3C[n+]4cncn4C3,-0.6989700043360187
COCC(=O)Nc1c(I)c(C(=O)NCC(O)CO)c(I)c(C(=O)N(C)CC(O)CO)c1I,-0.6575773191777937
NC(=O)C1(CCN(CCC(C#N)(c2ccccc2)c3ccccc3)CC1)N4CCCCC4,0.6720978579357175
CCOC(=O)C1(CCN(C)CC1)c2ccccc2,0.3617278360175928
C[C@@H]1CC(=O)NN=C1c2ccc(NN=C(C#N)C#N)cc2,-0.6197887582883941
Cc1ccnc2N(C3CC3)c4ncccc4C(=O)Nc12,0.1139433523068368
CC(C)(C)NCC(O)COc1cccc2C[C@@H](O)[C@@H](O)Cc12,0.2787536009528289
CC(C)NCC(O)c1ccc(NS(=O)(=O)C)cc1,0.1139433523068368
CCC1(CCCCN(C)C1)c2cccc(O)c2,0.5185139398778874
Fc1ccc(cc1)C(=O)CCCN2CCC(CC2)N3C(=O)Nc4ccccc34,0.5797835966168101
CCC(=O)C1(CCN(C)CC1)c2cccc(O)c2,-0.3187587626244128
COc1ccc(CCN(C)CCCC(C#N)(C(C)C)c2ccc(OC)c(OC)c2)cc1OC,0.568201724066995
CC(C)NCC(O)c1ccc(O)c(O)c1,0.17609125905568124
CC1Nc2cc(Cl)c(cc2C(=O)N1c3ccccc3C)S(=O)(=O)N,0.2041199826559248
[C@@]12(C([C@]3([C@@H](C[C@@H]1OCSC)OC3)OC(=O)C)[C@@H]([C@]1(C(\C(\[C@H](C2=O)OC(=O)C)=C(/[C@H](C1)OC([C@@H]([C@@H](NC(=O)c1ccccc1)c1ccccc1)O)=O)\C)(C)C)O)OCc1ccccc1)C,1.0413926851582251
C(C[C@H]1[C@H](C[C@]2([C@@]3(CC[C@]4(C[C@@H]([C@H](C[C@@]4([C@]3(CC[C@@]21C)[H])C)N1CC[N+](CC1)(C)C)OC(=O)C)[H])[H])[H])N1CC[N+](CC1)(C)C)(=O)[O-],-0.4559319556497244
CN(C)CCOC(c1ccccc1)c2ccccc2,0.8129133566428556
Cc1nc2CCN(C(=O)c3ccc(NC(=O)c4ccccc4c5ccccc5)cc3)c6ccccc6c2[nH]1,-0.11918640771920865
C[C@]12CC[C@H]3[C@@H](CCc4cc(O)ccc34)[C@@H]1CC[C@@]2(O)C#C,0.6334684555795865
NC(=Nc1nc(CSCC\C(=N\S(=O)(=O)N)\N)cs1)N,0.07918124604762483
C[C@H]1O[C@H](C[C@H](O)[C@@H]1O)O[C@H]2[C@@H](O)C[C@H](O[C@H]3[C@@H](O)C[C@H](O[C@H]4CC[C@@]5(C)[C@H](CC[C@@H]6[C@@H]5C[C@@H](O)[C@]7(C)[C@H](CC[C@]67O)C8=CC(=O)OC8)C4)O[C@@H]3C)O[C@@H]2C,0.6127838567197355
Nc1nc(ns1)\C(=N/O)\C(=O)N[C@H]2[C@H]3SCC(=C(N3C2=O)C(=O)O)\C=C\4/CCN([C@@H]5CCNC5)C4=O,-0.5686362358410126
CCN(CC)CC(=O)Nc1c(C)cccc1C,0.2552725051033061
COc1c(N2CCNC(C)C2)c(F)cc3C(=O)C(=CN(C4CC4)c13)C(=O)O,0.2304489213782739
NC(=O)c1ncn(n1)[C@@H]2O[C@H](CO)[C@@H](O)[C@H]2O,1.146128035678238
CS(N(C(C([N]C1=O)=C([N]C1=O)C=C2Cl)=C2Cl)CC[O])(=O)=O,-0.0969100130080564
CCCc1nc(C)c2C(=O)NC(=Nn12)c3cc(ccc3OCC)S(=O)(=O)N4CCN(CC)CC4,0.4771212547196624
OC(Cn1cncn1)(Cn2cncn2)c3ccc(F)cc3F,-0.12493873660829995
CN(Cc1cnc2nc(N)nc(N)c2n1)c3ccc(cc3)C(=O)N[C@H](CCC(=O)O)C(=O)O,-0.3665315444204135
NC(=N)NCCCC[C@H](NC(=O)CCS)C(=O)NCC(=O)N[C@@H](CC(=O)O)C(=O)N[C@@H](Cc1c[nH]c2ccccc12)C(=O)N3CCC[C@H]3C(=O)N[C@@H](CS)C(=O)N,-0.7695510786217259
N[C@@H](CC(=O)N1CCn2c(C1)nnc2C(F)(F)F)Cc3cc(F)c(F)cc3F,0.4471580313422192
C[C@H](O)C(=O)Nc1c(I)c(C(=O)NC(CO)CO)c(I)c(C(=O)NC(CO)CO)c1I,-0.5528419686577808
CN1CCN(CC1)C(=O)OC2N(C(=O)c3nccnc23)c4ccc(Cl)cn4,0.1139433523068368
O=C1O[C@@H]([C@@H](\C=C\C(NC\C=C\C(\C)=C\[C@H](CC(Cc2nc(co2)C(=O)N2[C@@]1([C@@H](CC2)S(=O)(=O)CCN(CC)CC)[H])=O)O)=O)C)C(C)C,-0.4089353929735008
COc1nc(C)nc(Cl)c1NC2=NCCN2,0.2552725051033061
CCC[C@@H]1C[C@H](N(C)C1)C(=O)NC(C(C)Cl)[C@H]2O[C@H](SC)[C@H](O)[C@@H](O)[C@H]2O,-0.10237290870955856
[N@@+]1([C@@H](c2c(cc(c(c2)OC)OC)CC1)Cc1cc(c(cc1)OC)OC)(CCC(=O)OCCCCCOC(CC[N@@+]1(C(c2c(cc(c(c2)OC)OC)CC1)Cc1cc(c(cc1)OC)OC)C)=O)C,-0.8538719643217619
CC(O)C1C2SC(=C(N2C1=O)C(=O)O)SCCOC(=O)N,-0.5228787452803376
O[C@@H]1CO[C@@H]2[C@H](CO[C@H]12)O[N+](=O)[O-],-0.06550154875643227
CN(C)CCCN1c2ccccc2Sc3ccc(Cl)cc13,1.0
NC1=NC(=O)N(C[C@@H](CO)OCP(=O)(O)O)C=C1,-0.3098039199714863
Cc1ccccc1OCC(O)CNCCOc2ccc(cc2)C(=O)N,0.6020599913279624
CN1C(C(=O)Nc2ccccn2)C(=O)c3sccc3S1(=O)=O,-0.7212463990471709
CN1CCCC(CC1)N2N=C(Cc3ccc(Cl)cc3)c4ccccc4C2=O,1.1760912590556811
CC[C@H]1NC(=O)[C@@H](NC(=O)c2ncccc2O)[C@@H](C)OC(=O)[C@@H](NC(=O)[C@@H]3CC(=O)[C@H](CS[C@@H]4CN5CCC4CC5)CN3C(=O)[C@H](Cc6ccc(cc6)N(C)C)N(C)C(=O)[C@@H]7CCCN7C1=O)c8ccccc8,-0.17392519729917355
NC1=Nc2c(ncn2CCC(CO)CO)C(=O)N1,0.041392685158225084
Cc1nnc2CN=C(c3ccccc3Cl)c4cc(Cl)ccc4n12,-0.23657200643706275
CCC1=CC2CN(C1)Cc3c([nH]c4ccccc34)[C@@](C2)(C(=O)OC)c5cc6c(cc5OC)N(C)[C@H]7[C@](O)([C@H](OC(=O)C)[C@]8(CC)C=CCN9CC[C@]67[C@H]89)C(=O)OC,1.3617278360175928
N#Cc1ccc(cc1)C(c2ccc(cc2)C#N)n3cncn3,0.2787536009528289
CCC1=C(C)CN(C(=O)NCCc2ccc(cc2)S(=O)(=O)NC(=O)N[C@@H]3CC[C@@H](C)CC3)C1=O,-0.7212463990471709
CN1CCc2cccc3c2[C@H]1Cc4ccc(O)c(O)c34,0.2041199826559248
CC1(C)S[C@@H]2[C@H](NC(=O)[C@H](C(=O)O)c3ccsc3)C(=O)N2[C@H]1C(=O)O,-0.7958800173440752
CN(C)C(=O)Oc1cccc(c1)[N+](C)(C)C,-0.13076828026902382
COc1ccc2C[C@@H]3[C@@H]4C=C[C@H](O)[C@@H]5Oc1c2[C@]45CCN3C,0.5440680443502757
C[C@H](N[C@@H](CCc1ccccc1)C(=O)O)C(=O)N2CCC[C@H]2C(=O)O,-0.4202164033831898
NCC1CCC(CC1)C(=O)O,-0.4202164033831898
CCOc1ccc(NC(=O)C)cc1,0.146128035678238
CC[C@]1(O)C[C@H]2CN(CCc3c([nH]c4ccccc34)[C@@](C2)(C(=O)OC)c5cc6c(cc5OC)N(C)[C@H]7[C@](O)([C@H](O)[C@]8(CC)C=CCN9CC[C@]67[C@H]89)C(=O)N)C1,0.6989700043360189
CC1(C)SC2C(NC(=O)C(c3ccccc3)S(=O)(=O)O)C(=O)N2C1C(=O)O,-0.8239087409443188
C[C@@H]1CC2=CC(=O)CC[C@@H]2[C@H]3CC[C@]4(C)[C@@H](O)CC[C@H]4[C@H]13,-0.0969100130080564
OC(=O)[C@@H]1C[C@H](CN1C(=O)CP(=O)(O)CCCCc2ccccc2)C3CCCCC3,-0.8860566476931632
CCOc1cc(CC(=O)N[C@@H](CC(C)C)c2ccccc2N3CCCCC3)ccc1C(=O)O,-0.4559319556497244
CN1C(=O)C(O)N=C(c2ccccc2Cl)c3cc(Cl)ccc13,0.2041199826559248
CCC(=C)C(=O)c1ccc(OCC(=O)O)c(Cl)c1Cl,-0.585026652029182
O=C1C(CCS(=O)c2ccccc2)C(=O)N(N1c3ccccc3)c4ccccc4,-0.9208187539523752
CCCCS(=O)(=O)N[C@@H](Cc1ccc(OCCCCC2CCNCC2)cc1)C(=O)O,-0.004364805402450088
C[C@H](c1c[nH]cn1)c2cccc(C)c2C,0.2041199826559248
CCC[C@H](N[C@@H](C)C(=O)N1[C@H]2CCCC[C@H]2C[C@H]1C(=O)O)C(=O)O,-0.11918640771920865
CN1CCN(CCCN2c3ccccc3Sc4ccc(Cl)cc24)CC1,1.3424226808222062
OC1=C(C2CCC(CC2)c3ccc(Cl)cc3)C(=O)c4ccccc4C1=O,-0.2218487496163564
CO\N=C(/C(=O)N[C@H]1[C@H]2SCC=C(N2C1=O)C(=O)O)\c3csc(N)n3,-0.6989700043360187
Clc1cc2NC(=O)Cc2cc1CCN3CCN(CC3)c4nsc5ccccc45,0.0
CCN(CC)CCCC(C)Nc1c2ccc(Cl)cc2nc3ccc(OC)cc13,1.6532125137753435
CC[C@]1(O)C[C@H]2CN(CCc3c([nH]c4ccccc34)[C@@](C2)(C(=O)OC)c5cc6c(cc5OC)N(C)[C@H]7[C@](O)([C@H](OC(=O)C)[C@]8(CC)C=CCN9CC[C@]67[C@H]89)C(=O)OC)C1,1.4471580313422192
CN(C)[C@H]1[C@@H]2C[C@H]3C(=C(O)[C@]2(O)C(=O)C(=C1O)C(=O)NCN4CCCC4)C(=O)c5c(O)cccc5[C@@]3(C)O,-0.26760624017703144
CN[C@H]1[C@H](O)[C@@H](O)[C@H](CO)O[C@H]1O[C@H]2[C@H](O[C@H]3[C@H](O)[C@@H](O)[C@H](NC(=N)N)[C@@H](O)[C@@H]3NC(=N)N)O[C@@H](C)[C@]2(O)C=O,-0.4685210829577449
CNC(=O)c1c(I)c(NC(=O)C)c(I)c(C(=O)O)c1I,-0.7695510786217259
CC(Cc1ccc(O)cc1)NCC(O)c2cc(O)cc(O)c2,0.07918124604762483
CC(N)COc1c(C)cccc1C,0.7708520116421442
CC(CN(C)C)CN1c2ccccc2CCc3ccccc13,1.2041199826559248
CC(C)(C)NCC(O)COc1ccc(NC(=O)NC2CCCCC2)cc1,0.5185139398778874
CN1CCCC1c2cccnc2,0.414973347970818
C[C@@H]1CCC[C@]2(C)O[C@@H]2C[C@H](NC(=O)C[C@H](O)C(C)(C)C(=O)[C@H](C)[C@@H]1O)\C(=C\c3csc(C)n3)\C,1.0413926851582251
CC[C@@H]1OC(=O)[C@H](C)[C@H](O[C@H]2C[C@@](C)(OC)[C@@H](O)[C@H](C)O2)[C@H](C)[C@@H](O[C@@H]3O[C@H](C)C[C@@H]([C@H]3O)N(C)C)[C@](C)(C[C@@H](C)C(=O)[C@@H](C)[C@@H](O)[C@]1(C)O)OC,0.17609125905568124
CC1(C)S[C@@H]2[C@H](NC(=O)C(C(=O)O)c3ccccc3)C(=O)N2[C@H]1C(=O)O,-0.7695510786217259
C[C@H](\C=C\[C@H](C)C(C)(C)O)[C@H]1CC[C@H]2\C(=C\C=C3C[C@@H](O)C[C@H](O)C3)\CCC[C@]12C,-0.38721614328026455
CCN1C[C@H]2CN(C)C[C@H](C1)C2OC(=O)c3ccc(Cl)cc3,0.9542425094393248
C\C=C\C1=C(N2[C@H](SC1)[C@H](NC(=O)[C@H](N)c3ccc(O)cc3)C2=O)C(=O)O,-0.6777807052660807
CC(C)NCC(O)COc1ccc(CCOCC2CC2)cc1,0.6812412373755872
CN1CC(c2ccccc2)c3cccc(N)c3C1,0.7781512503836436
CCNCC(O)c1cccc(O)c1,0.3222192947339193
CN(C)CCNc1ccc2c3c(nn2CCNCCO)c4cnccc4C(=O)c13,1.7558748556724917
OC(=O)CCCc1ccc(cc1)N(CCCl)CCCl,-0.585026652029182
CC(C)n1c(\C=C\[C@@H](O)C[C@@H](O)CC(=O)O)c(c2ccc(F)cc2)c3ccccc13,-0.3767507096020996
CN(C)[C@H]1[C@@H]2C[C@H]3C(=C(O)[C@]2(O)C(=O)C(=C1O)C(=O)N)C(=O)c4c(O)ccc(Cl)c4[C@@]3(C)O,-0.045757490560675115
CN\C(=C/[N+](=O)[O-])\NCCSCc1csc(CN(C)C)n1,0.0
Oc1ccc2C[C@H]3N(CC4CC4)CC[C@@]56[C@@H](Oc1c25)C(=C)CC[C@@]36O,0.9138138523837168
C[N+]1(CC2CC2)CC[C@]34[C@H]5Oc6c(O)ccc(C[C@@H]1[C@]3(O)CCC5=O)c46,0.414973347970818
CN(C)CCCN1c2ccccc2CCc3ccc(Cl)cc13,1.1139433523068367
CC(=O)O[C@@]12CO[C@@H]1C[C@H](O)[C@]3(C)[C@@H]2[C@H](OC(=O)c4ccccc4)[C@]5(O)C[C@H](OC(=O)[C@H](O)[C@@H](NC(=O)OC(C)(C)C)c6ccccc6)C(=C([C@@H](O)C3=O)C5(C)C)C,0.3222192947339193
CCN1C=C(C(=O)O)C(=O)c2cc(F)c(nc12)N3CCNCC3,0.3010299956639812
CCc1cccc2cc(oc12)C(O)CNC(C)(C)C,0.2304489213782739
CO\N=C(/C(=O)N[C@H]1[C@H]2SCC(=C(N2C1=O)C(=O)O)COC(=O)C)\c3csc(N)n3,-0.7212463990471709
C123C4(C5(C(O1)OC([C@@H]5O)=O)[C@@H]([C@H](C4OC2=O)[H])C(C)(C)C)[C@H](C1[C@@]3([C@@H](C(O1)=O)C)O)O,-0.040958607678906384
CC(C)N(CC[C@H](c1ccccc1)c2cc(C)ccc2O)C(C)C,0.17609125905568124
Cc1cc(O)c2C(=O)c3c(O)cc(O)c4c5c(O)cc(O)c6C(=O)c7c(O)cc(CO)c8c1c2c(c34)c(c56)c78,-0.25181197299379954
OC(=O)C1CCn2c1ccc2C(=O)c3ccccc3,-0.958607314841775
CC1(C)S[C@@H]2[C@H](NC(=O)[C@H](NC(=O)N3CCNC3=O)c4ccccc4)C(=O)N2[C@H]1C(=O)O,-0.585026652029182
CCN(C(=O)C)c1cccc(c1)c2ccnc3c(cnn23)C#N,0.1139433523068368
Nc1ccc(cc1)S(=O)(=O)c2ccc(N)cc2,-0.08092190762392612
CNC1(CCCCC1=O)c2ccccc2Cl,0.4623979978989561
CCC#CC(C)C1(CC=C)C(=O)NC(=O)N(C)C1=O,0.041392685158225084
CN1CCN(CC1)c2c(F)cc3C(=O)C(=CN(CCF)c3c2F)C(=O)O,0.2041199826559248
Nc1nc(O)ncc1F,-0.16749108729376366
C[C@](N)(Cc1ccc(O)c(O)c1)C(=O)O,-0.16115090926274472
O=C(O[C@H]1CN2CCC1CC2)N3CCc4ccccc4[C@@H]3c5ccccc5,0.9138138523837168
CC[C@@]1(O)C(=O)OCC2=C1C=C3N(Cc4cc5c(CN(C)C)c(O)ccc5nc34)C2=O,0.2552725051033061
CC(C)c1cccc(C(C)C)c1O,0.6720978579357175
C[N+]1(CCc2c(C1Cc1cc(c(c(c1)OC)OC)OC)c(c(c(c2)OC)OC)OC)CCCOC(CCC(=O)OCCC[N+]1(C)CCc2c(C1Cc1cc(c(c(c1)OC)OC)OC)c(c(c(c2)OC)OC)OC)=O,-0.6575773191777937
CCCC1C(=O)N2N(C1=O)c3cc(C)ccc3N=C2N(C)C,-0.9208187539523752
C[C@@H]1O[C@@H]1P(=O)(O)O,-0.494850021680094
CCOc1ccccc1OCC2CNCCO2,-0.1366771398795441
P1(NCCCO1)(N(CCCl)CCCl)=O,-0.1366771398795441
CO[C@]1(NC(=O)C(C(=O)O)c2ccc(O)cc2)[C@H]3OCC(=C(N3C1=O)C(=O)O)CSc4nnnn4C,-0.7695510786217259
CNCC[C@@H](Oc1ccccc1C)c2ccccc2,-0.07058107428570727
NCC1(CC(=O)O)CCCCC1,-0.14874165128092473
COc1cc(NS(=O)(=O)C)ccc1Nc2c3ccccc3nc4ccccc24,0.2041199826559248
CCCC(CCC)C(=O)O,-0.8538719643217619
COC(=O)CCc1ccc(OCC(O)CNC(C)C)cc1,0.07918124604762483
CN1C(=O)CN=C(c2ccccc2)c3cc(Cl)ccc13,0.0
CC(C)(C)NC(=O)[C@H]1CC[C@H]2[C@@H]3CC[C@H]4NC(=O)C=C[C@]4(C)[C@H]3CC[C@]12C,0.041392685158225084
COc1cc2nc(nc(N)c2cc1OC)N3CCN(CC3)C(=O)C4COc5ccccc5O4,0.1139433523068368
[O-][N+](=O)c1ccc2NC(=O)CN=C(c3ccccc3Cl)c2c1,0.4623979978989561
COc1ccc(Cc2nccc3cc(OC)c(OC)cc23)cc1OC,0.0
CCC(=O)C(CC(C)N(C)C)(c1ccccc1)c2ccccc2,0.6434526764861874
CC1(C)S[C@@H]2[C@H](NC(=O)Cc3ccccc3)C(=O)N2[C@H]1C(=O)O,-0.6197887582883941
CNS(=O)(=O)CCc1ccc2[nH]cc(C3CCN(C)CC3)c2c1,0.380211241711606
Cc1cc(c(cc1C(=O)N=C(N)N)S(=O)(=O)C)n2cccc2,0.041392685158225084
C1CCN(CC1)C2(CCCCC2)c3ccccc3,0.8388490907372553
CCN(CC)CCCC(C)Nc1ccnc2cc(Cl)ccc12,2.146128035678238
CCN1C=C(C(=O)O)C(=O)c2cc(F)c(cc12)N3CCN(C)CC3,0.17609125905568124
COc1cc(cc(OC)c1O)[C@H]2[C@@H]3[C@H](COC3=O)[C@H](O[C@@H]4O[C@@H]5CO[C@H](O[C@H]5[C@H](O)[C@H]4O)c6cccs6)c7cc8OCOc8cc27,-0.38721614328026455
CCCC1=CC(=O)NC(=S)N1,-0.4685210829577449
CCC1(C(=O)NC(=O)NC1=O)c2ccccc2,-0.26760624017703144
C[C@H](Cn1cnc2c(N)ncnc12)OCP(=O)(O)O,-0.08092190762392612
OC1=C(Oc2cc(O)cc(O)c2C1=O)c3ccc(O)c(O)c3,-0.9208187539523752
C[C@]12CC[C@H]3[C@@H](CCc4cc(O)ccc34)[C@@H]1CC[C@@H]2O,0.07918124604762483
Nc1nc(cs1)\C(=N\OCC(=O)O)\C(=O)N[C@H]2[C@H]3SCC(=C(N3C2=O)C(=O)O)C=C,-0.6197887582883941
NCCC(O)(P(=O)(O)O)P(=O)(O)O,0.2552725051033061
[H][C@]12c3ccc(c(c3)c3c(cc(cc3O)O)[C@@]([H])(C(=O)O)NC([C@]([H])([C@@]([H])(c3ccc(c(c3)Cl)Oc3cc4cc(c3O[C@@]3([H])[C@@]([H])([C@]([H])([C@@]([H])([C@@]([H])(CO)O3)O)O)O[C@@]3([H])C[C@]([C@@]([H])([C@]([H])(C)O3)O)(C)N)Oc3ccc(cc3Cl)[C@]([H])(C(C(N[C@]([H])(C(N[C@@]4([H])C(N1)=O)=O)CC(N)=O)=O)NC([C@@]([H])(CC(C)C)NC)=O)O)O)NC2=O)=O)O,-0.26760624017703144
CCCCC1=NC2(CCCC2)C(=O)N1Cc3ccc(cc3)c4ccccc4c5nnn[nH]5,-0.02687214640030136
NC1=CC(=CNC1=O)c2ccncc2,0.1139433523068368
C[C@@H](c1ncncc1F)[C@](O)(Cn2cncn2)c3ccc(F)cc3F,0.3424226808222063
CC[C@@H](CO)NCCN[C@@H](CC)CO,0.2304489213782739
Cc1ncsc1CCCl,0.8195439355418687
CC[C@H]1CN2CC[C@H]1C[C@@H]2[C@@H](O)c3ccnc4ccc(OC)cc34,0.4471580313422192
CC(C)[C@H](CC[C@@H](C)[C@H]1CC[C@H]2C3[C@H](O)C[C@H]4C[C@H](CC[C@]4(C)C3CC[C@]12C)NCCCNCCCCN)OS(=O)(=O)O,-0.638272163982407
N1(C([C@@H](C[C@H]1c1cnccc1)O)=O)C,-0.07058107428570727
CC1=CN([C@@H]2O[C@H](CO)C=C2)C(=O)NC1=O,-0.17392519729917355
CCN(CC)CCNC(=O)c1cc(Br)c(N)cc1OC,0.4913616938342727
CC1=Nc2ccc(Cl)cc2S(=O)(=O)N1,-0.6777807052660807
COCCCOc1ccnc(CS(=O)c2nc3ccccc3[nH]2)c1C,-0.6575773191777937
C[C@]12CC(=O)[C@H]3[C@@H](CCC4=CC(=O)C=C[C@]34C)[C@@H]1CC[C@]2(O)C(=O)CO,-0.24412514432750865
CN1[C@@H]2CC[C@@H]1CC(C2)OC(=O)c3c[nH]c4ccccc34,0.9867717342662448
CCN(CC)CC#CCOC(=O)C(O)(C1CCCCC1)c2ccccc2,-0.07058107428570727
COc1cc(OC)c(C(=O)CCCN2CCCC2)c(OC)c1,0.1139433523068368
NC[C@H]1O[C@H](O[C@@H]2[C@@H](N)C[C@@H](N)C(O[C@H]3O[C@H](CO)[C@@H](O)[C@H](N)[C@H]3O)[C@H]2O)[C@H](N)C[C@@H]1O,-0.638272163982407
O=C(NC1CCN(CCc2c[nH]c3ccccc23)CC1)c4ccccc4,0.6901960800285137
CCCCCCCCC\C=C\C=C\C(=O)NCC(=O)N[C@@H]1[C@@H](O)[C@@H](O)[C@@H](Nc2ncnc3[nH]cnc23)O[C@H]1C(O)CO,-0.7695510786217259
C/1(=C/C(=O)c2c(cc(c(c2O1)C1C(CN(CC1)C)O)O)O)\c1c(cccc1)Cl,0.17609125905568124
CC[C@]12CC[C@H]3[C@@H](CCC4=CC(=O)CC[C@H]34)[C@@H]1C=C[C@@]2(O)C#C,-0.3372421683184259
O=C1CCC(N2C(=O)c3ccccc3C2=O)C(=O)N1,-0.022276394711152253
[O-][N+](=O)c1ccc(cc1)c2oc(\C=N/N3CC(=O)NC3=O)cc2,-0.431798275933005
CC(=O)O[C@H]1CC2CCC3C(CC[C@@]4(C)C3C[C@@H]([C@@H]4OC(=O)C)[N+]5(C)CCCCC5)[C@@]2(C)C[C@@H]1[N+]6(C)CCCCC6,-0.6989700043360187
C[C@@H](O)[C@@H]1[C@H]2CC(=C(N2C1=O)C(=O)O)S[C@@H]3CCN(C3)C(=N)C,-0.7212463990471709
CCC(=O)O[C@@](Cc1ccccc1)([C@H](C)CN(C)C)c2ccccc2,1.0791812460476249
COC(=O)C1=C(C)NC(=C(C1c2cccc(c2)[N+](=O)[O-])C(=O)OCCN(C)Cc3ccccc3)C,0.0
CC1COc2c(N3CCN(C)CC3)c(F)cc4C(=O)C(=CN1c24)C(=O)O,0.2041199826559248
OC(=O)C1=CN(C2CC2)c3cc(N4CCNCC4)c(F)cc3C1=O,0.3222192947339193
Nc1nc(F)nc2c1ncn2[C@@H]3O[C@H](CO)[C@@H](O)[C@@H]3O,0.3424226808222063
C[C@@H]1C(=O)O[C@H]2C[C@@]34[C@H]5C[C@@H](C(C)(C)C)C36[C@@H](OC(=O)[C@@H]6O)O[C@@]4(C(=O)O5)[C@@]12O,-0.20760831050174613
CC(CCc1ccccc1)NCC(O)c2ccc(O)c(c2)C(=O)N,0.6812412373755872
CC(C)NCC(O)COc1ccc(COCCOC(C)C)cc1,0.380211241711606
CC(C)(C)NC(=O)[C@@H]1C[C@@H]2CCCC[C@@H]2CN1C[C@@H](O)[C@H](Cc3ccccc3)NC(=O)[C@H](CC(=O)N)NC(=O)c4ccc5ccccc5n4,0.5563025007672873
CC(C)NCC(O)COc1cccc2[nH]ccc12,0.07918124604762483
CC1(C)S[C@@H]2[C@H](NC(=O)[C@H](NC(=O)N3CCN(C3=O)S(=O)(=O)C)c4ccccc4)C(=O)N2[C@H]1C(=O)O,-1.0457574905606752
C[C@]12CC[C@H]3[C@@H](CCc4cc(OS(=O)(=O)O)ccc34)[C@@H]1CCC2(O)C#C,0.3617278360175928
COc1ccc(cc1)[C@@H]2Sc3ccccc3N(CCN(C)C)C(=O)[C@@H]2OC(=O)C,0.6127838567197355
c1(c2c(cc(c1OC)OC)CC[N+](C2)(CCC(=O)OCCCCCOC(CC[N+]1(Cc2c(c(c(cc2CC1)OC)OC)Cc1cc(c(cc1)OC)OC)C)=O)C)Cc1cc(c(cc1)OC)OC,-1.0
CCNC(=O)[C@@H]1CCCN1C(=O)[C@H](CCCNC(=N)N)NC(=O)[C@H](CC(C)C)NC(=O)[C@@H](CC(C)C)NC(=O)[C@H](Cc2ccc(O)cc2)NC(=O)[C@H](CO)NC(=O)[C@H](Cc3c[nH]c4ccccc34)NC(=O)[C@H](Cc5cnc[nH]5)NC(=O)[C@@H]6CCC(=O)N6,-0.4202164033831898
CN(CCOc1ccc(CC2SC(=O)NC2=O)cc1)c3ccccn3,-0.6989700043360187
NC1=NC(=O)N(C=C1)[C@@H]2CS[C@H](CO)O2,0.1139433523068368
CC1(C)S[C@@H]2[C@H](NC(=O)[C@H](N)c3ccc(O)cc3)C(=O)N2[C@H]1C(=O)O,-0.6020599913279624
CCOC(=O)c1cncn1C(C)c2ccccc2,0.43136376415898736
COc1ccc2nccc([C@@H](O)[C@@H]3C[C@@H]4CCN3C[C@@H]4C=C)c2c1,0.2552725051033061
CCCN1CCCC[C@H]1C(=O)Nc2c(C)cccc2C,-0.12493873660829995
CCC(=O)O[C@@]1([C@H](C)C[C@H]2[C@@H]3C[C@H](F)C4=CC(=O)C=C[C@]4(C)[C@@]3(F)[C@@H](O)C[C@]12C)C(=O)SCF,0.5563025007672873
C[C@]12C[C@H](O)[C@H]3[C@@H](CCC4=CC(=O)C=C[C@]34C)[C@@H]1CC[C@]2(O)C(=O)CO,-0.06550154875643227
COCCNC(=O)CN(CCN(CCN(CC(=O)O)CC(=O)NCCOC)CC(=O)O)CC(=O)O,-0.7958800173440752
COC(=O)C1=C(C)NC(=C([C@@H]1c2cccc(c2)[N+](=O)[O-])C(=O)OCCCN3CCC(CC3)(c4ccccc4)c5ccccc5)C,0.9242792860618816
N12\C(\c3c(C1)cc1c(n3)cccc1N([H])[H])=C/C/1=C(\C2=O)/COC([C@]1(O[H])CC)=O,0.3424226808222063
CC[C@H](C)C(=O)O[C@H]1C[C@@H](C)C=C2C=C[C@H](C)[C@H](CC[C@@H](O)C[C@@H](O)CC(=O)O)[C@@H]12,-0.060480747381381476
CC(=O)OCC1=C(N2[C@H](SC1)[C@H](NC(=O)CSc3ccncc3)C2=O)C(=O)O,-0.8860566476931632
[C@]12([C@](C([C@@H](\C=3\C([C@]([C@H]1OC(=O)c1ccccc1)(C[C@@H](/C3/C)OC([C@H](OC(=O)CC\C=C/C\C=C/C\C=C/C\C=C/C\C=C/C\C=C/CC)[C@@H](NC(c1ccccc1)=O)c1ccccc1)=O)O)(C)C)OC(C)=O)=O)([C@H](C[C@@]1([C@]2(CO1)OC(C)=O)[H])O)C)[H],-1.1674910872937636
COc1ccc(cc1)C(=O)Nc2ccccc2CCC3CCCCN3C,0.3424226808222063
CN(C)CCC(c1ccc(Cl)cc1)c2ccccn2,0.5185139398778874
CC1CCN(CCCC(=O)c2ccc(F)cc2)CC1,1.146128035678238
OC(=O)C1N=C(c2ccccc2)c3cc(Cl)ccc3NC1=O,-0.6989700043360187
N12[C@](C(N[C@@H]([C@@H](C[C@@H](C(NC(C(N3[C@](C(N[C@](C(N[C@](C1=O)([C@@H](CC(=O)N)O)[H])=O)([C@@H]([C@H](c1cc(OS([O-])(=O)=O)c(cc1)O)O)O)[H])=O)(C[C@H](C3)O)[H])=O)[C@H](O)C)=O)NC(c1ccc(c3noc(c3)c3ccc(cc3)OCCCCC)cc1)=O)O)O)=O)([C@H]([C@H](C2)C)O)[H],-0.6777807052660807
C[N+](C)([O-])CCCN1c2ccccc2CCc3ccccc13,0.2787536009528289
CC(C)(O\N=C(/C(=O)N[C@H]1[C@H]2SCC(=C(N2C1=O)C(=O)O)C[n+]3ccccc3)\c4csc(N)n4)C(=O)O,-0.5086383061657274
OC(CNCCNC(=O)N1CCOCC1)COc2ccc(O)cc2,-0.1938200260161128
CCC(=O)OCC(=O)[C@@]1(OC(=O)CC)[C@@H](C)C[C@H]2[C@@H]3CCC4=CC(=O)C=C[C@]4(C)[C@@]3(Cl)[C@@H](O)C[C@]12C,-0.5376020021010439
NC(=N)c1ccc(OCCCCCOc2ccc(cc2)C(=N)N)cc1,1.724275869600789
NC[C@@H]1CC[C@@H](N)[C@H](O[C@@H]2[C@@H](N)C[C@@H](N)[C@H](O[C@H]3O[C@H](CO)[C@@H](O)[C@H](N)[C@H]3O)[C@H]2O)O1,-0.8860566476931632
CN1C[C@@H](C=C2[C@H]1Cc3c[nH]c4cccc2c34)C(=O)N[C@]5(C)O[C@@]6(O)[C@@H]7CCCN7C(=O)[C@H](Cc8ccccc8)N6C5=O,0.5563025007672873
C([C@@H](NC(c1ccc(cc1)NCC1N(\C=2\C(\N=C(/N/C2/NC1)\N)=O)C=O)=O)CCC(=O)O)(=O)O,-0.6020599913279624
COc1ccccc1N2CCN(CCCNC3=CC(=O)N(C)C(=O)N3C)CC2,-0.12493873660829995
COC(=O)C1C(C[C@H]2CC[C@H]1N2C)OC(=O)c3ccccc3,0.3010299956639812
c1ccc2c(c1)C(c1c(C2=O)c(c2c(c1O)[C@H](C[C@@](C2)(C(=O)CO)O)O[C@@H]1O[C@H]([C@H]([C@H](C1)O)O[C@@H]1O[C@H]([C@H]([C@H](C1)N)O)C)C)O)=O,0.380211241711606
O=C1N(CCCCNC[C@H]2CCc3ccccc3O2)S(=O)(=O)c4ccccc14,-0.6777807052660807
O=C(OCCOCCCCCCCC)CN(C(C=CC=C1)=C1OCCOC(C=CC=C2)=C2N(CC([O])=O)CC(OCCOCCCCCCCC)=O)CC([O])=O,0.041392685158225084
N1(c2cc(Cl)ccc2)CCNCC1,0.3979400086720376
CCN(CCO)CCCC(C)Nc1ccnc2cc(Cl)ccc12,2.845098040014257
CN1C(=O)N(C)c2nc[nH]c2C1=O,-0.2924298239020636
CCCCNC(=O)NS(=O)(=O)c1ccc(C)cc1,-0.9208187539523752
CN\C(=N/C#N)\NCCSCc1nc[nH]c1C,0.07918124604762483
C1(C(C(C(OC1COC)OCC1C(C(C(C(O1)OP(=O)(O)O)NC(=O)CC(=O)CCCCCCCCCCC)OCCCCCCCCCC)O)NC(=O)CCCCCCCC\C=C/CCCCCC)OCC[C@H](OC)CCCCCCC)OP(=O)(O)O,-1.3187587626244128
CC(C)(C)[C@]1(O)C[C@@H]2OC(=O)C[C@@]23C(=O)OC4OC(=O)[C@H](O)C134,0.3979400086720376
CCC(=O)N(c1ccccc1)C2(COC)CCN(CCc3cccs3)CC2,0.9731278535996988
COc1nc(N)nc2c1ncn2[C@@H]3O[C@H](CO)[C@@H](O)[C@@H]3O,0.6901960800285137
C\C=C/1\NC(=O)[C@H]2CSSCC\C=C\[C@H](CC(=O)N[C@@H](C(C)C)C(=O)N2)OC(=O)[C@H](NC1=O)C(C)C,0.07918124604762483
CC(N)C(=O)Nc1c(C)cccc1C,0.2552725051033061
Cc1nccn1CC2CCc3c(C2=O)c4ccccc4n3C,0.2552725051033061
CN1CCC[C@@H]1Cc2c[nH]c3ccc(CCS(=O)(=O)c4ccccc4)cc23,0.2041199826559248
C(Nc1c(cccc1C)C)(C1N(CCCC)CCCC1)=O,-0.07572071393811836
COc1cc2ncnc(Nc3ccc(F)c(Cl)c3)c2cc1OCCCN4CCOCC4,1.3617278360175928
CN1CC[C@]23[C@H]4Oc5c(O)ccc(C[C@@H]1[C@@H]2C=C[C@@H]4O[C@@H]6O[C@@H]([C@@H](O)[C@H](O)[C@H]6O)C(=O)O)c35,-0.9208187539523752
Nc1ccc(cc1)S(=O)(=O)Nc2ncccn2,-0.5376020021010439
NC(=N)c1ccc(cc1)C(=O)N[C@@H](Cc2ccc(O)cc2)C(=O)N3CCC(CC3)OCC(=O)O,-0.5376020021010439
OCCN1CCN(CCCN2c3ccccc3Sc4ccc(Cl)cc24)CC1,1.2552725051033058
C[C@@H]1C[C@H]2[C@@H]3CCC4=CC(=O)C=C[C@]4(C)[C@@]3(F)[C@@H](O)C[C@]2(C)[C@@]1(O)C(=O)CO,-0.02687214640030136
[C@@H]1(C(N[C@@H](C(C)C)C(=O)N([C@H](C(=O)N[C@H](C(=O)N[C@@H](C(=O)N([C@H](C(N([C@H](C(N([C@@H](C(C)C)C(=O)N([C@H](C(=O)N[C@H](C(=O)N(CC(N1C)=O)C)C(C)C)C(=O)[C@H](C)C/C=C/C)C)C)=O)CC(C)C)C)=O)CC(C)C)C)C)C)CC(C)C)C)=O)CC(C)C,0.2552725051033061
CN(C)[C@H]1C2CC3Cc4c(cc(NC(=O)CNC(C)(C)C)c(O)c4C(=O)C3=C(O)[C@]2(O)C(=O)C(=C1O)C(=O)N)N(C)C,1.0791812460476249
COc1ccc(Cl)cc1C(=O)NCCc2ccc(cc2)S(=O)(=O)NC(=O)NC3CCCCC3,-1.0969100130080565
C/1(=C/[C@H]([C@@H]([C@H](C1)N)NC(C)=O)OC(CC)CC)\C(=O)O,-0.431798275933005
CO[C@]1(NC(=O)C2SC(=C(C(=O)N)C(=O)O)S2)[C@H]3SCC(=C(N3C1=O)C(=O)O)CSc4nnnn4C,-0.8860566476931632
CN(C)CCc1c[nH]c2ccc(CS(=O)(=O)N3CCCC3)cc12,0.3424226808222063
CC1=C(CO)C2=C(C)C3(CC3)[C@@](C)(O)C(=O)C2=C1,0.4913616938342727
Oc1ccc2c(Oc3cc(O)ccc3C24OC(=O)c5ccccc45)c1,-0.8538719643217619
CC1=C(N2[C@H](SC1)[C@H](NC(=O)[C@H](N)C3=CCC=CC3)C2=O)C(=O)O,-0.6777807052660807
CNCCC=C1c2ccccc2CCc3ccccc13,1.3424226808222062
CCCCCNC(=N)N\N=C/c1c[nH]c2ccc(OC)cc12,0.724275869600789
COc1cc(NC(C)CCCN)c2ncccc2c1,0.6020599913279624
C[C@H](N[C@@H](CCc1ccccc1)C(=O)O)C(=O)N2Cc3ccccc3C[C@H]2C(=O)O,-0.8860566476931632
CCOC(=O)C1=C(C)NC(=C(C1c2cccc(c2)[N+](=O)[O-])C(=O)OC)C,0.7853298350107671
C(C(S(=O)(=O)C)C)(c1c(cc(cc1)F)F)(Cn1ncnc1)O,-0.20760831050174613
OC(=O)CCNC(=O)c1ccccc1,-0.5528419686577808
CN1C(=O)N(C)c2ncn(C)c2C1=O,-0.2006594505464183
C[C@H](O)[C@@H]1[C@H]2[C@@H](C)C(=C(N2C1=O)C(=O)O)S[C@@H]3CN[C@@H](C3)C(=O)N(C)C,-0.5228787452803376
Clc1cccc(c1)N2CCN(CCCN3N=C4C=CC=CN4C3=O)CC2,-0.28399665636520083
CCOc1ccc(\C=C\2/NCCc3cc(OCC)c(OCC)cc23)cc1OCC,0.2787536009528289
Cc1cc(O)c2C(=O)c3c(O)cc(O)c4c5c(O)cc(O)c6C(=O)c7c(O)cc(C)c8c1c2c(c34)c(c78)c56,-0.6020599913279624
CCN(C)C(=O)Oc1cccc(c1)[C@H](C)N(C)C,0.1139433523068368
CC(C)N1CCC(CC1)N(C(=O)Cc2ccccc2)c3ccc(Cl)cc3,0.8195439355418687
Nc1nc(O)c2ncn(COCCO)c2n1,-0.14874165128092473
[O-]C(=O)[O-],-0.20760831050174613
c1(nc2c(n1C)cccc2)c1cc2n(c(nc2c(c1)C)CCC)Cc1ccc(c2c(C(=O)O)cccc2)cc1,0.724275869600789
Cc1[nH]cnc1CN2CCc3c(C2=O)c4ccccc4n3C,0.041392685158225084
Fc1ccc(cc1)C(=O)C2CCN(CCN3C(=O)Nc4ccccc4C3=O)CC2,0.5910646070264992
ClCCNC(=O)N(CCCl)N=O,0.07918124604762483
Cc1ncc([N+](=O)[O-])n1CCO,-0.3979400086720376
COc1c(N2C[C@@H]3CCCN[C@@H]3C2)c(F)cc4C(=O)C(=CN(C5CC5)c14)C(=O)O,0.146128035678238
CC(C(=O)O)c1cccc(c1)C(=O)c2ccccc2,-0.8860566476931632
CN1C(=O)CN=C(c2ccccc2F)c3cc(ccc13)[N+](=O)[O-],0.2787536009528289
CC(C)NCCCNC(=O)Nc1c(C)cccc1C,0.146128035678238
ONC(=O)CCCCCCC(=O)Nc1ccccc1,-0.3010299956639812
CC1(C)S[C@@H]2[C@H](\N=C\N3CCCCCC3)C(=O)N2[C@H]1C(=O)O,-0.431798275933005
CN[C@@H]1[C@@H](O)[C@@H](O[C@@H]2[C@@H](O)[C@H](O[C@H]3O[C@H](CN)[C@@H](O)[C@H](O)[C@H]3O)[C@@H](N)C[C@H]2NC(=O)[C@@H](O)CN)OC[C@]1(C)O,-0.494850021680094
[C@]12(C([C@@H]([C@]3(C(\C(\[C@H](C1=O)OC(=O)C)=C(/[C@H](C3)OC([C@@H](C(NC(=O)c1ccccc1)c1ccccc1)O)=O)\C)(C)C)O)OC(=O)c1ccccc1)[C@]1([C@@H](C[C@@H]2O)OC1)O)C,0.8388490907372553
NC1=NC(=O)N(C=N1)[C@@H]2O[C@H](CO)[C@@H](O)[C@H]2O,-0.3279021420642826
COC(=O)C1=C(C)NC(=C(C1c2ccccc2[N+](=O)[O-])C(=O)OCC(C)C)C,0.7403626894942439
CN(C)CCCN1c2ccccc2CCc3cc(O)ccc13,0.8195439355418687
C[C@H]1C[C@H]2[C@@H]3CCC4=CC(=O)C=C[C@]4(C)[C@@]3(F)[C@@H](O)C[C@]2(C)[C@@]1(O)C(=O)CO,0.1139433523068368
Cc1nnc(SCC2=C(N3[C@H](SC2)[C@H](NC(=O)[C@H](O)c4ccccc4)C3=O)C(=O)O)s1,-0.8860566476931632
Cc1ccsc1C(=CCCN2CCC[C@H](C2)C(=O)O)c3sccc3C,0.041392685158225084
CN(C)C(=O)Oc1ccc[n+](C)c1,0.041392685158225084
CCN1CCN(C(=O)N[C@@H](C(=O)N[C@H]2[C@H]3SC(C)(C)[C@@H](N3C2=O)C(=O)O)c4ccccc4)C(=O)C1=O,-0.5686362358410126
CC(=O)O[C@H]1C(=O)[C@]2(C)[C@@H](O)C[C@H]3OC[C@@]3(OC(=O)C)C2[C@H](OC(=O)c4ccccc4)[C@]5(O)C[C@H](OC(=O)[C@H](O)[C@@H](NC(=O)c6ccccc6)c7ccccc7)C(=C1C5(C)C)C,0.4771212547196624
O=S([O])(C1=CC(S(=O)([O])=O)=CC2=CC=C([N]C(C3=CC([N]C(C4=CC([N]C([N]C5=CN(C)C(C([N]C6=CN(C)C(C([N]C(C=CC7=CC(S(=O)([O])=O)=C8)=CC7=C8S(=O)([O])=O)=O)=C6)=O)=C5)=O)=CN4C)=O)=CN3C)=O)C=C12)=O,-0.5686362358410126
CCCCc1oc2ccccc2c1C(=O)c3cc(I)c(OCCN(CC)CC)c(I)c3,1.7781512503836436
[O-][N+](=O)O[C@H]1CO[C@@H]2[C@@H](CO[C@H]12)O[N+](=O)[O-],0.2787536009528289
CCOC(=O)c1ncn2c1CN(C)C(=O)c3cc(F)ccc23,-0.0969100130080564
C[C@H](CCc1ccccc1)NC[C@H](O)c2ccc(O)c(c2)C(=O)N,0.6812412373755872
COC(=O)C1=C(C)NC(=C(C1c2ccccc2[N+](=O)[O-])C(=O)OC)C,-0.10237290870955856
CN1N=Nc2c(ncn2C1=O)C(=O)N,-0.3010299956639812
CNC1CC2OC(C)(C1OC)n3c4ccccc4c5c6C(=O)NC(O)c6c7c8ccccc8n2c7c35,-0.8239087409443188
CCc1c2CN3C(=O)C4=C(C=C3c2nc5ccc(OC(=O)N6CCC(CC6)N7CCCCC7)cc15)[C@@](O)(CC)C(=O)OC4,0.5440680443502757
C[C@H](Cc1ccccc1)N(C)CC#C,0.2787536009528289
CN1CCN(Cc2ccc(cc2)C(=O)Nc3ccc(C)c(Nc4nccc(n4)c5cccnc5)c3)CC1,0.5910646070264992
CN(C)C(=N)NC(=N)N,-0.1938200260161128
C1([C@@H](N(C([C@@H](N(C([C@@H](N(C([C@@H](N(C([C@H](NC([C@@H](NC([C@@H](N(C([C@@H](NC([C@@H](N(C([C@H](N(C([C@@H](N1)CC)=O)C)C)=O)CC)C(C)C)=O)C(C)C)=O)C)CC(C)C)=O)C)=O)C)=O)C)CC(C)C)=O)C)CC(C)C)=O)C)C(C)C)=O)C)[C@@H]([C@@H](C/C=C/C)C)O)=O,0.5185139398778874
NC1CCN(C1)c2c(F)cc3C(=O)C(=CN(C4CC4)c3c2Cl)C(=O)O,0.2787536009528289
OC(CNCC(O)C1CCc2cc(F)ccc2O1)C3CCc4cc(F)ccc4O3,1.0413926851582251
CC1(C)[C@@H](N2[C@@H](CC2=O)S1(=O)=O)C(=O)O,-0.494850021680094
C[C@]12CCC(=O)C=C1CC[C@H]3[C@@H]4CC[C@](O)(C(=O)CO)[C@@]4(C)C[C@H](O)[C@H]23,-0.4202164033831898
CC(CC(c1ccccc1)c2ccccc2)NC(C)(C)C,0.7075701760979364
CN1C(=C(O)c2ccccc2S1(=O)=O)C(=O)Nc3ncc(C)s3,-0.8239087409443188
CNCCCN1c2ccccc2CCc3ccccc13,1.1760912590556811
CCN1CCN(C(=O)N[C@@H](C(=O)N[C@H]2[C@H]3SCC(=C(N3C2=O)C(=O)O)CSc4nnnn4C)c5ccc(O)cc5)C(=O)C1=O,-0.7695510786217259
CC(C)(C)NC(=O)[C@H]1CC[C@H]2[C@@H]3CC=C4C=C(CC[C@]4(C)[C@H]3CC[C@]12C)C(=O)O,-0.26760624017703144
C1CN=C(N1)C2CC2(c3ccccc3)c4ccccc4,0.6127838567197355
CCOC(=O)[C@H]1[C@H](CC2CCC1N2C)OC(=O)c3ccccc3,0.2041199826559248
CC(=O)N[C@@H]1[C@@H](NC(=N)N)C=C(O[C@H]1[C@H](O)[C@H](O)CO)C(=O)O,-0.638272163982407
CCN(CC)CCNC(=O)c1cc(Cl)c(N)cc1OC,0.505149978319906
CN1CC[C@]23[C@H]4Oc5c(O)ccc(C[C@@H]1[C@@H]2C=C[C@@H]4O)c35,0.3617278360175928
NC(=O)c1csc(n1)[C@@H]2O[C@H](CO)[C@@H](O)[C@H]2O,0.041392685158225084
CCC(C)N1N=CN(C1=O)c2ccc(cc2)N3CCN(CC3)c4ccc(OC[C@H]5CO[C@@](Cn6cncn6)(O5)c7ccc(Cl)cc7Cl)cc4,0.8692317197309762
NCCCC[C@H](N[C@@H](CCc1ccccc1)C(=O)O)C(=O)N2CCC[C@H]2C(=O)O,-0.050609993355087216
CC[C@]1(O)C[C@H]2CN(CCc3c([nH]c4ccccc34)[C@@](C2)(C(=O)OC)c5cc6c(cc5OC)N(C=O)[C@H]7[C@](O)([C@H](OC(=O)C)[C@]8(CC)C=CCN9CC[C@]67[C@H]89)C(=O)OC)C1,0.380211241711606
C[C@H]1COc2c(N3CCN(C)CC3)c(F)cc4C(=O)C(=CN1c24)C(=O)O,0.07918124604762483
CC(C)Cc1ccc(cc1)C(C)C(=O)O,-0.8239087409443188
COc1cccc(c1)[C@@]2(O)CCCC[C@@H]2CN(C)C,0.4471580313422192
CCCC(C)(COC(=O)N)COC(=O)N,-0.1549019599857432
Cc1nnc2CN=C(c3ccccc3)c4cc(Cl)ccc4n12,-0.0969100130080564
CN(C)C(=O)Oc1cc(OC(=O)N(C)C)cc(c1)C(O)CNC(C)(C)C,0.2041199826559248
ClCCNP1(=O)OCCCN1CCCl,-0.20760831050174613
Oc1ccc2C[C@H]3N(CC=C)CC[C@@]45[C@@H](Oc1c24)C(=O)CC[C@@]35O,0.2304489213782739
COc1ccccc1Oc2c(NS(=O)(=O)c3ccc(cc3)C(C)(C)C)nc(nc2OCCO)c4ncccn4,-0.5376020021010439
CCCC(=O)Nc1ccc(OCC(O)CNC(C)C)c(c1)C(=O)C,0.2304489213782739
CN(C)CCc1c[nH]c2ccc(C[C@H]3COC(=O)N3)cc12,0.2552725051033061
CC(C)(C)NCC(O)c1ccc(O)c(CO)c1,0.2787536009528289
CCC(=O)N(c1ccccc1)C2(CCN(CCC(=O)OC)CC2)C(=O)OC,-0.3979400086720376
O=S(=O)(N1Cc2cc(ccc2N(Cc3cnc[nH]3)C[C@H]1Cc4ccccc4)C#N)c5cccs5,-0.07572071393811836
CCCCCc1cc(O)c2[C@@H]3C=C(C)CC[C@H]3C(C)(C)Oc2c1,0.9493900066449128
CO\N=C(\C(=O)N[C@H]1[C@H]2SCC(=C(N2C1=O)C(=O)O)C[N+]3(C)CCCC3)/c4csc(N)n4,-0.5528419686577808
COC(=O)C(C1CCCCN1)c2ccccc2,0.3424226808222063
O=C([N]C(C=CC=C1)=C1C)[N]C(C=CC(CC([N]CC(N(CCC([O])=O)CC2=CC(OC)=C(OC)C=C2)=O)=O)=C3)=C3OC,-0.6020599913279624
[C@@]12([C@]3([C@@]([C@@]4([C@@](CC3)(C[C@@H]([C@H](C4)N3CCCCC3)OC(C)=O)[H])C)(CC[C@@]1([C@H]([C@H](C2)[N+]1(CCCCC1)C)OC(C)=O)C)[H])[H])[H],-0.5228787452803376
COC1=CC=C2C(=CC1=O)[C@H](CCc3cc(OC)c(OC)c(OC)c23)NC(=O)C,0.7853298350107671
O=C(O[C@@H]1C[C@@H]2C[C@@H]3C[C@H](C1)N2CC3=O)c4c[nH]c5ccccc45,0.3010299956639812
NC[C@H]1O[C@H](O[C@@H]2[C@@H](N)C[C@@H](N)[C@H](O)[C@H]2O[C@H]3O[C@H](CO)[C@@H](O)[C@H]3O)[C@H](N)[C@@H](O)[C@@H]1O,-0.6020599913279624
C[C@H]1O[C@H]([C@H](O)[C@@H]1O)N2C=C(F)C(=O)NC2=O,-0.5528419686577808
CC1CCCC(C)N1CCCC(O)(c2ccccc2)c3ccccn3,0.146128035678238
CCCC(C)C1(CC)C(=O)NC(=S)NC1=O,0.07918124604762483
NC1=NC(=O)N(C=C1)[C@@H]2CO[C@H](CO)O2,0.0
CO[C@@H]1C[C@@H](CC[C@H]1O)\C=C(/C)\[C@H]2OC(=O)[C@@H]3CCCCN3C(=O)C(=O)[C@]4(O)O[C@H]([C@H](C[C@@H](C)C\C(=C\[C@@H](CC=C)C(=O)C[C@H](O)[C@H]2C)\C)OC)[C@H](C[C@H]4C)OC,0.07918124604762483
CCOC(=O)[C@@]1(CCC=C[C@H]1N(C)C)c2ccccc2,0.6020599913279624
NC(=O)CN1CC(O)CC1=O,-0.2596373105057561
NCCCC[C@H](NC(=O)[C@@H](Cc1cc(Br)c(O)c(Br)c1)NC(=O)N2CCC(CC2)N3Cc4ccccc4NC3=O)C(=O)N5CCN(CC5)c6ccncc6,-0.5086383061657274
CC[N+](C)(C)c1cccc(O)c1,0.041392685158225084
NC(=O)C([C@@H]1CCN(CCc2ccc3OCCc3c2)C1)(c4ccccc4)c5ccccc5,0.414973347970818
Clc1ccc2NC(=O)CN=C(c3ccccc3Cl)c2c1,0.3424226808222063
CCCC1O[C@H]2CC3C4CCC5=CC(=O)C=C[C@]5(C)C4[C@@H](O)C[C@]3(C)[C@@]2(O1)C(=O)CO,0.5910646070264992
CCC1=NN(CCCN2CCN(CC2)c3cccc(Cl)c3)C(=O)N1CCOc4ccccc4,-0.2924298239020636
CC(CN1c2ccccc2Sc3ccccc13)N(C)C,1.146128035678238
CC[C@]12CC[C@H]3[C@@H](CCC4=CC(=O)CC[C@H]34)[C@@H]1CC[C@@]2(O)C#C,0.17609125905568124
CO[C@H]1\C=C\O[C@@]2(C)Oc3c(C)c(O)c4c(O)c(NC(=O)\C(=C/C=C/[C@H](C)[C@H](O)[C@@H](C)[C@@H](O)[C@@H](C)[C@H](OC(=O)C)[C@@H]1C)\C)c(\C=N\N5CCN(C)CC5)c(O)c4c3C2=O,-0.013228265733755159
CC(O)(\C=C\C1CC=CC(=O)O1)C(CC(O)\C=C\C=C\C=C\CO)OP(=O)(O)O,-1.0655015487564323
[H][C@]1(c2cc(c(cc2CC[N+]1(C)CCCOC(CC\C=C\CCC(=O)OCCC[N+]1(CCc2cc(c(cc2[C@@]1([H])Cc1cc(c(c(c1)OC)OC)OC)OC)OC)C)=O)OC)OC)Cc1cc(c(c(c1)OC)OC)OC,-0.5686362358410126
CC(=O)CC(C1=C(O)c2ccccc2OC1=O)c3ccccc3,-0.8860566476931632
CC(C)N(CCC(C(=O)N)(c1ccccc1)c2ccccn2)C(C)C,-0.28399665636520083
Nc1nc(Cl)nc2c1ncn2[C@H]3C[C@H](O)[C@@H](CO)O3,0.8864907251724818
C1CN=C(N1)C2COc3ccccc3O2,0.5185139398778874
COCCOC(=O)C1=C(C)NC(=C(C1c2cccc(c2)[N+](=O)[O-])C(=O)OC(C)C)C,0.041392685158225084
NS(=O)(=O)c1cc(cc(N2CCCC2)c1Oc3ccccc3)C(=O)O,-0.7695510786217259
NC1=NC(=O)N(C=C1)[C@@H]2O[C@H](CO)[C@@H](O)C2(F)F,0.17609125905568124
COc1cc2nc(nc(N)c2cc1OC)N3CCN(CC3)C(=O)C4CCCO4,-0.00877392430750515
COCCc1ccc(OCC(O)CNC(C)C)cc1,0.4913616938342727
Cc1ncc2CN=C(c3ccccc3F)c4cc(Cl)ccc4n12,0.041392685158225084
C[C@@H]1CN(C[C@H](C)N1)c2c(F)c(N)c3C(=O)C(=CN(C4CC4)c3c2F)C(=O)O,0.5910646070264992
CC#CCC(C)[C@H](O)\C=C\C1[C@H](O)C[C@@H]2C\C(=C\CCCC(=O)O)\C[C@H]12,-0.431798275933005
CN[C@@H]1[C@H](O)[C@@H](O[C@H]2[C@H](N)C[C@H](N)[C@@H](O[C@@H]3O[C@H](CN)CC[C@H]3N)[C@H]2O)OC[C@]1(C)O,-0.4814860601221125
CN(C)[C@H]1[C@@H]2C[C@H]3C(=C(O)[C@]2(O)C(=O)C(=C1O)C(=O)N)C(=O)c4c(O)cccc4[C@@]3(C)O,0.07918124604762483
COc1ccnc(CS(=O)c2nc3cc(OC(F)F)ccc3[nH]2)c1OC,-0.7695510786217259
C[C@@H](CN1CC(=O)NC(=O)C1)N2CC(=O)NC(=O)C2,-0.2596373105057561
CO\N=C(\C(=O)N[C@H]1[C@H]2SCC(=C(N2C1=O)C(=O)O)C)/c3csc(N)n3,-0.5528419686577808
NC(=O)NO,-0.28399665636520083
CN(C(=O)C1=C(O)c2ccccc2N(C)C1=O)c3ccccc3,-0.6777807052660807
C[C@H]1C[C@H]2[C@@H]3CC[C@](O)(C(=O)CO)[C@@]3(C)C[C@H](O)[C@@H]2[C@@]4(C)C=CC(=O)C=C14,0.07918124604762483
CN(C)[C@H]1[C@@H]2[C@@H](O)C3C(=C(O)[C@]2(O)C(=O)C(=C1O)C(=O)N)C(=O)c4c(O)cccc4[C@@]3(C)O,0.2304489213782739
CCCCCCCCCC(=O)N[C@@H](Cc1c[nH]c2ccccc12)C(=O)N[C@@H](CC(=O)N)C(=O)N[C@@H](CCC(=O)O)C(=O)N[C@H]3[C@@H](C)OC(=O)[C@H](CC(=O)c4ccccc4N)NC(=O)[C@@H](NC(=O)[C@@H](CO)NC(=O)CNC(=O)[C@H](CC(=O)O)NC(=O)[C@@H](C)NC(=O)[C@H](CC(=O)O)NC(=O)[C@H](CCCCN)NC(=O)CNC3=O)C(C)CC(=O)O,-1.055517327849831
N[C@@H]([C@@H]1CC(=NO1)Cl)C(=O)O,-0.3010299956639812
CCCCC(=O)N(Cc1ccc(cc1)c2ccccc2c3nnn[nH]3)[C@@H](C(C)C)C(=O)O,-0.6575773191777937
C[C@H]1O[C@@H](C[C@@H](N)[C@H]1O)O[C@H]2C[C@@](O)(Cc3c(O)c4C(=O)c5ccccc5C(=O)c4c(O)c23)C(=O)C,1.57978359661681
CNC1C(=O)NC2Cc3ccc(Oc4cc5cc(Oc6ccc(cc6Cl)C(O)C7NC(=O)C(NC(=O)C5NC(=O)C(NC2=O)c8cc(Oc9cc1ccc9O)cc(O)c8Cl)c%10ccc(O)c(c%10)c%11c(O[C@H]%12O[C@H](CO)[C@@H](O)[C@H](O)[C@@H]%12O)cc(O)cc%11C(NC7=O)C(=O)NCCCN(C)C)c4O[C@@H]%13O[C@@H]([C@@H](O)[C@H](O)[C@H]%13NC(=O)CCCCCCCCC(C)C)C(=O)O)cc3,-0.8538719643217619
CC(=O)OCC1=C(N2[C@H](SC1)[C@H](NC(=O)Cc3cccs3)C2=O)C(=O)O,-1.1549019599857429
COc1ccc2c(c1)c(CC(=O)O)c(C)n2C(=O)c3ccc(Cl)cc3,-1.0177287669604316
CC(C)NCC(O)COc1ccccc1CC=C,0.505149978319906
NS(=O)(=O)c1cc2c(NCNS2(=O)=O)cc1C(F)(F)F,0.3424226808222063
COc1ccc(cc1OC2CCCC2)[C@@]3(CC[C@H](CC3)C(=O)O)C#N,-0.638272163982407
CN(C)CCN(Cc1cccs1)c2ccccn2,0.5185139398778874
[O-][N+](=O)c1ccc2NC(=O)CN=C(c3ccccc3)c2c1,0.2304489213782739
NC12CC3CC(CC(C3)C1)C2,0.8195439355418687
OC(CCN1CCCC1)(C2CCCCC2)c3ccccc3,-0.13076828026902382
CNC(=O)c1cccc2c(Nc3ccc(NS(=O)(=O)C)cc3OC)c4cccc(C)c4nc12,-0.5228787452803376
CO\N=C(/C(=O)N[C@H]1[C@H]2SCC(=C(N2C1=O)C(=O)[O-])C[n+]3cccc4CCCc34)\c5csc(N)n5,-0.6197887582883941
NC1=Nc2c(ncn2COC(CO)CO)C(=O)N1,0.0
CNC1=Nc2ccc(Cl)cc2C(=[N+]([O-])C1)c3ccccc3,-0.6020599913279624
CCCNCC(O)COc1ccccc1C(=O)CCc2ccccc2,0.3424226808222063
O=C1C2C(C3=CC(OC)=C([O])C(OC)=C3)C(C=C(OCO4)C4=C5)=C5C(OC(OC(COC(C)O6)C6C7[O])C7N(C)C)C2CO1,-0.5228787452803376
Cn1nnnc1SCC2=C(N3[C@H](SC2)[C@H](NC(=O)[C@H](O)c4ccccc4)C3=O)C(=O)O,-0.7958800173440752
CCCc1nn(C)c2c(O)nc(nc12)c3cc(ccc3OCC)S(=O)(=O)N4CCN(C)CC4,0.146128035678238
N\N=C\1/NN=C2CCN(CC2=C1)C(=O)c3ccccc3,0.3424226808222063
CN1CCCCC1C(=O)Nc2c(C)cccc2C,-0.022276394711152253
Oc1ccc2C[C@H]3N(CC4CCC4)CC[C@@]5(CCCC[C@@]35O)c2c1,1.0791812460476249
[C@@]123[C@@]([C@]4([C@H](OC4)C[C@@H]1C2)OC(=O)C)([C@@H]([C@]1(C(\C(\[C@H](C3=O)OC(=O)C)=C(/[C@H](C1)OC([C@@H]([C@@H](NC(OC(C)(C)C)=O)c1ccccc1)O)=O)\C)(C)C)O)OC(=O)c1ccccc1)[H],1.0791812460476249
CCCCCN(CCCOC)C(=O)C(CCC(=O)O)NC(=O)c1ccc(Cl)c(Cl)c1,-0.6197887582883941
NCc1ccccc1CC(=O)N[C@H]2[C@H]3SCC(=C(N3C2=O)C(=O)O)CSc4nnnn4CC(=O)O,-0.7695510786217259
C[C@@H](O)[C@@H]1[C@H]2CC(=C(N2C1=O)C(=O)O)SCCNC=N,-0.6197887582883941
OC[C@@H]1CC[C@@H](O1)n2cnc3c(O)ncnc23,-0.11350927482751813
Cc1onc(c1C(=O)N[C@H]2[C@H]3SC(C)(C)[C@@H](N3C2=O)C(=O)O)c4c(Cl)cccc4Cl,-0.958607314841775
O[C@H]1CC[C@@]2(O)[C@H]3Cc4ccc(O)c5O[C@@H]1[C@]2(CCN3CC6CCC6)c45,0.6627578316815741
OC(=O)C(Cl)Cl,-0.7212463990471709
COc1ccc2C[C@H]3N(C)CC[C@@]45[C@@H](Oc1c24)C(=O)CC[C@@]35O,0.3979400086720376
OC1N=C(c2ccccc2Cl)c3cc(Cl)ccc3NC1=O,0.1139433523068368
CC(C)[C@@H]1CC[C@H](CC1)C(=O)N[C@H](Cc2ccccc2)C(=O)O,-0.8239087409443188
CCOC(=O)C1(CCC=CC1NC)c2ccccc2,0.3979400086720376
Clc1ccc2N(C3CCN(CCCN4C(=O)Nc5ccccc45)CC3)C(=O)Nc2c1,0.5314789170422551
CCC(C)CC(C)CCCCCCCCC(=O)NC1C[C@@H](O)[C@@H](NCCN)NC(=O)C2[C@@H](O)CCN2C(=O)C(NC(=O)C(NC(=O)C3C[C@@H](O)CN3C(=O)C(NC1=O)[C@@H](C)O)[C@H](O)[C@@H](O)c4ccc(O)cc4)[C@H](O)CCN,-0.8860566476931632
CN1N(C(=O)C=C1C)c2ccccc2,-0.11350927482751813
CO[C@H]1\C=C\O[C@@]2(C)Oc3c(C)c(O)c4C(=O)C(=C5NC6(CCN(CC(C)C)CC6)N=C5c4c3C2=O)NC(=O)\C(=C/C=C/[C@H](C)[C@H](O)[C@@H](C)[C@@H](O)[C@@H](C)[C@H](OC(=O)C)[C@@H]1C)\C,0.9684829485539352
COc1ccc(cc1)c2nc3cc(ccc3[nH]2)C4=NNC(=O)CC4C,0.3010299956639812
NC(=O)OC[C@@H]1[C@H](NC(=O)\C(=N\OCC(=O)O)\c2csc(N)n2)C(=O)N1S(=O)(=O)O,-0.7447274948966941
C[C@@H](O)[C@@H]1[C@H]2[C@@H](C)C(=C(N2C1=O)C(=O)O)S[C@H]3C[C@H](N(C)C3)C(=O)N4CC[C@@H](C4)NC(=O)CNC(=N)N,-0.638272163982407
Nc1ccc(O)c(c1)C(=O)O,-0.4814860601221125
NS(=O)(=O)c1cc(ccc1Cl)C2(O)NC(=O)c3ccccc23,0.5910646070264992
CCCC[C@@H]1CC(=O)[C@]2(O)O[C@@H]3[C@@H](NC)[C@@H](O)[C@@H](NC)[C@H](O)[C@H]3O[C@@H]2O1,-0.1549019599857432
CC(C)NCC(O)COc1ccc(CC(=O)N)cc1,-0.022276394711152253
O=C(C([N]C(C(CC1CCCC1)CN([O])C=O)=O)C(C)(C)C)N2CCN(CC2)CC3=CC=C4C(OCO4)=C3,0.041392685158225084
Nc1c2CCCCc2nc3ccccc13,1.0413926851582251
CO[C@]1(NC(=O)CSCC#N)[C@H]2SCC(=C(N2C1=O)C(=O)O)CSc3nnnn3C,-0.8860566476931632
CN(C)CCCN1c2ccccc2Sc3ccccc13,0.9084850188786496
CCOC(=O)C1=C(C)NC(=C(C1c2cccc(Cl)c2Cl)C(=O)OC)C,0.6434526764861874
CCCCNc1cc(cc(c1Oc2ccccc2)S(=O)(=O)N)C(=O)O,-0.7958800173440752
CC[C@H]1OC(=O)[C@H](C)[C@@H](O[C@H]2C[C@@](C)(OC)[C@@H](O)[C@H](C)O2)[C@H](C)[C@@H](O[C@H]3O[C@@H](C)C[C@H]([C@@H]3O)N(C)C)[C@](C)(O)C[C@@H](C)C(=O)[C@H](C)[C@@H](O)[C@]1(C)O,-0.022276394711152253
OC(=O)c1cc(ccc1O)c2ccc(F)cc2F,-1.0132282657337552
C(CC[C@H](C(=O)N(CCCCC)CCCOC)NC(c1cc(c(cc1)Cl)Cl)=O)(=O)O,-0.7447274948966941
CC[C@](O)(C(O)=O)C(C=C(C1=NC2=CC(F)=C(C)C3=C2C([C@@H](N)CC3)=C1C4)N4C5=O)=C5CO,-0.3565473235138126
NS(=O)(=O)c1cc(C(=O)O)c(NCc2occc2)cc1Cl,-0.9208187539523752
CCc1nc(N)nc(N)c1c2ccc(Cl)cc2,-0.3665315444204135
CCC#CCC(C)C(O)C#CC1[C@H](O)C[C@@H]2C\C(=C\COCC(=O)O)\C[C@H]12,-1.0969100130080565
N[C@@H]1[C@H]2CN(C[C@@H]12)c3nc4N(C=C(C(=O)O)C(=O)c4cc3F)c5ccc(F)cc5F,0.1139433523068368
CN1C=CNC1=S,-0.06550154875643227
O[C@H]1CO[C@@H]2[C@@H](CO[C@H]12)O[N+](=O)[O-],-0.1549019599857432
c1c2c(c3cc1[C@](C(N[C@]1(C(N[C@@]([C@@H](c4ccc(O2)c(c4)Cl)O[C@]2([C@@H]([C@H]([C@@H]([C@H](O2)CO)O)O)NC(=O)C)[H])(C(N[C@H](c2c(c4cc1ccc4O)c(cc(c2)O)O[C@@H]1[C@H]([C@H]([C@@H]([C@H](O1)CO)O)O)O)C(=O)O)=O)[H])=O)[H])=O)(NC([C@]1(NC([C@@](Cc2cc(c(O3)cc2)Cl)(NC([C@H](c2cc(Oc3cc1cc(c3)O)c(cc2)O)N)=O)[H])=O)[H])=O)[H])O[C@H]1[C@@H]([C@H]([C@@H]([C@H](O1)CO)O)O)N,0.17609125905568124
CO\N=C(/C(=O)N[C@H]1[C@H]2SCC(=C(N2C1=O)C(=O)O)CSC3=NC(=O)C(=O)NN3C)\c4csc(N)n4,-1.0705810742857071
COc1cccc(OC)c1C(=O)N[C@H]2[C@H]3SC(C)(C)[C@@H](N3C2=O)C(=O)O,-0.494850021680094
COc1ccccc1OCCNCC(O)COc2cccc3[nH]c4ccccc4c23,0.1139433523068368
COc1ccc(CCNCC(O)COc2cccc(C)c2)cc1OC,-0.17392519729917355
CO[C@]1(NC(=O)Cc2cccs2)[C@H]3SCC(=C(N3C1=O)C(=O)O)COC(=O)N,-0.7695510786217259
N[C@@H](Cc1ccc(cc1)N(CCCl)CCCl)C(=O)O,-0.3187587626244128
n1nn(cn1)[C@@H]1[C@@H](C[C@@H](CC1)C[C@@H](C)[C@]1(OC(=O)C2CCCCN2C(=O)C(=O)[C@@]2(O)[C@@H](CC[C@](O2)(C[C@@H](\C(=C\C=C\C=C\[C@H](C[C@H](C(C([C@@](\C(=C\[C@](C(C1)=O)(C)[H])\C)(O)[H])OC)=O)C)C)\C)OC)[H])C)[H])OC,0.1139433523068368
COc1cc2nc(nc(N)c2cc1OC)N(C)CCCNC(=O)C3CCCO3,0.17609125905568124
Nc1n[n+]([O-])c2ccccc2[n+]1[O-],-0.25181197299379954
CC(C)NC(=O)NS(=O)(=O)c1cnccc1Nc2cccc(C)c2,-0.6777807052660807
CCN(CC)C(=O)\C(=C\c1cc(O)c(O)c(c1)[N+](=O)[O-])\C#N,-0.5686362358410126
Clc1ccc(cc1)C(=O)NCCN2CCOCC2,0.041392685158225084
C#C[C@@]1(OS(=O)(O)=O)[C@](CC2)(C)[C@](CC1)([H])[C@@]3([H])[C@@]2([H])C(C=CC(O)=C4)=C4CC3,-0.21467016498923294
CC(C)(C)NC[C@H](O)COc1nsnc1N2CCOCC2,0.17609125905568124
NC[C@H]1O[C@H](O[C@@H]2[C@@H](N)C[C@@H](N)[C@H](OC3O[C@H](CO)[C@@H](O)[C@H](N)[C@H]3O)[C@H]2O)[C@H](O)[C@@H](O)[C@@H]1O,-0.585026652029182
C[C@H](CS)C(=O)N1CCC[C@H]1C(=O)O,-0.12493873660829995
O[C@H](C1=C2C=C(C=CC2=NC=C1)OC)[C@H](C3)N4CC[C@@]3([H])[C@@](CC)(O)C4,0.8325089127062363
[N+]1([C@@]2([C@@]([C@@]3([C@@](C2)([C@]2([C@](CC3)([C@@]3([C@@](CC2)(C[C@@]([C@](C3)(N2CCOCC2)[H])(O)[H])[H])C)[H])[H])[H])C)(OC(C)=O)[H])[H])(CCCC1)CC=C,-0.6777807052660807
N[C@@H]1CN(CC12CC2)c3c(F)cc4C(=O)C(=CN([C@@H]5C[C@@H]5F)c4c3Cl)C(=O)O,0.17609125905568124
Cc1nnc(SCC2=C(N3[C@H](SC2)[C@H](NC(=O)Cn4cnnn4)C3=O)C(=O)O)s1,-0.9208187539523752
CC1(C)S[C@@H]2[C@H](NC(=O)COc3ccccc3)C(=O)N2[C@H]1C(=O)O,-0.38721614328026455
c12[C@@]3([N+](CCc1cc(c(c2Oc1ccc(C[C@@]2([N+](CCc4c2cc(c(c4)OC)Oc2cc(C3)ccc2OC)(C)C)[H])cc1)OC)OC)(C)C)[H],-0.3979400086720376
O=C1NCC2(CCN(CCc3ccccc3)CC2)O1,0.4771212547196624
Nc1nc(NC2CC2)c3ncn([C@@H]4C[C@H](CO)C=C4)c3n1,-0.07572071393811836
CCCN(CCC)S(=O)(=O)c1ccc(cc1)C(=O)O,-0.8860566476931632
c1(c(c(c(nc1C(C)C)C(C)C)COC)c1ccc(cc1)F)\C=C\[C@H](C[C@H](CC(=O)O)O)O,-0.4814860601221125
CC(C)(O)c1ccccc1CC[C@@H](SCC2(CC(=O)O)CC2)c3cccc(\C=C\c4ccc5ccc(Cl)cc5n4)c3,-0.8239087409443188
COc1cc2CCN(Cc2cc1OC)c3cc(N)c4cc(OC)c(OC)cc4n3,0.7993405494535817
CN1CCN2C(C1)c3ccccc3Cc4cccnc24,0.6232492903979004
CC[C@H]1OC(=O)[C@H](C)C(=O)[C@H](C)[C@@H](O[C@@H]2O[C@H](C)C[C@@H]([C@H]2O)N(C)C)[C@@](C)(C[C@@H](C)C(=O)[C@H](C)C3N(CCCCn4cnc(c4)c5cccnc5)C(=O)O[C@]13C)OC,0.4771212547196624
C[C@@H]1CCN([C@H](C1)C(=O)O)C(=O)[C@H](CCCNC(=N)N)NS(=O)(=O)c2cccc3CC(C)CNc23,-0.7695510786217259
CCOc1ccccc1O[C@@H]([C@H]2CNCCO2)c3ccccc3,-0.1870866433571444
OC\C=C\1/O[C@@H]2CC(=O)N2[C@H]1C(=O)O,-0.6575773191777937
CN(C)CCc1c[nH]c2ccc(Cn3cncn3)cc12,0.2787536009528289
CCN[C@@H](C)Cc1cccc(c1)C(F)(F)F,1.0413926851582251
NNC(=O)c1ccncc1,-0.08618614761628332
N[C@@H](Cc1ccc(O)c(O)c1)C(=O)O,0.2304489213782739
Cc1ccc(cn1)c2ncc(Cl)cc2c3ccc(cc3)S(=O)(=O)C,0.17609125905568124
CCCCCN(C)CCC(O)(P(=O)(O)O)P(=O)(O)O,-0.2596373105057561
CN(C)CCCC1(OCc2cc(ccc12)C#N)c3ccc(F)cc3,1.0791812460476249
OC[C@@H](NC(=O)C(Cl)Cl)[C@H](O)c1ccc(cc1)[N+](=O)[O-],-0.02687214640030136
CCCC(=O)N1CCCN(CC1)c2nc(N)c3cc(OC)c(OC)cc3n2,-0.14266750356873156
CCCCc1ncc(\C=C(\Cc2cccs2)/C(=O)O)n1Cc3ccc(cc3)C(=O)O,-0.7695510786217259
CN1CCN(CC1)C2=Nc3cc(Cl)ccc3Nc4ccccc24,0.2041199826559248
CC1(C)\C(=C\C=C\C=C\C=C\C2=[N+](CCCCS(=O)(=O)O)c3ccc4ccccc4c3C2(C)C)\N(CCCCS(=O)(=O)O)c5ccc6ccccc6c15,-1.4559319556497243
OC1N=C(c2ccccc2)c3cc(Cl)ccc3NC1=O,-0.22914798835785585
N1(C(C(Nc2c1cc(c([N+]([O-])=O)c2)n1cncc1)=O)=O)CC(=O)O,-0.7212463990471709
COc1cc2c(CCN[C@@]23CS[C@@H]4[C@H]5[C@@H]6N(C)[C@@H](Cc7cc(C)c(OC)c(O)c67)[C@H](O)N5[C@@H](COC3=O)c8c9OCOc9c(C)c(OC(=O)C)c48)cc1O,1.3979400086720375
CN1[C@@H](CCC1=O)c2cccnc2,0.041392685158225084
COCC(=O)O[C@]1(CCN(C)CCCc2nc3ccccc3[nH]2)CCc4cc(F)ccc4[C@@H]1C(C)C,0.4913616938342727
CC1(C)S[C@@H]2[C@H](NC(=O)[C@H](N)c3ccccc3)C(=O)N2[C@H]1C(=O)O,-0.6575773191777937
CC1=CN([C@H]2C[C@H](N=[N+]=[N-])[C@@H](CO)O2)C(=O)NC1=O,0.2552725051033061
CC1=C(N2[C@H](SC1)[C@H](NC(=O)[C@H](N)c3ccc(O)cc3)C2=O)C(=O)O,-0.638272163982407
Nc1ncnc2c1ncn2CCOCP(=O)(O)O,-0.3767507096020996
CC1=C(N2[C@H](SC1)[C@H](NC(=O)[C@H](N)c3ccccc3)C2=O)C(=O)O,-0.6777807052660807
CN1[C@@H]2CCC[C@H]1C[C@H](C2)NC(=O)c3nn(C)c4ccccc34,0.568201724066995
CCCCCNC(=O)c1coc(n1)[C@H]2[C@@H](Cc3ccccc3CCC(=O)O)[C@H]4CC[C@@H]2O4,0.6434526764861874
Oc1ccc2C[C@H]3N(CC4CC4)CC[C@@]56[C@@H](Oc1c25)C(=O)CC[C@@]36O,0.8808135922807914
CCC(CC)COC(C(=O)OCCN(C)C)(c1ccccc1)c2ccccc2,0.8512583487190752
CCN(CC)CCNC(=O)c1ccc(NS(=O)(=O)C)cc1,-0.08618614761628332
Cc1onc(NS(=O)(=O)c2ccc(N)cc2)c1,-0.5228787452803376
C[C@@H](O)[C@@H]1[C@H]2[C@@H](C)C(=C(N2C1=O)C(=O)O)S[C@@H]3CN[C@@H](C3)C(=O)Nc4cccc(c4)C(=O)O,-0.9208187539523752
CN[C@@H]1[C@H](O)[C@H](NC)[C@H]2O[C@]3(O)[C@@H](O[C@H](C)CC3=O)O[C@@H]2[C@H]1O,-0.8860566476931632
CC1=C(C=C(C#N)C(=O)N1)c2ccncc2,-0.6020599913279624
NCCCNc1ccc2c(CNCCO)nn3c4c(O)ccc(O)c4C(=O)c1c23,1.0791812460476249
CCOc1ccccc1OCCN[C@H](C)Cc2ccc(OC)c(c2)S(=O)(=O)N,-0.6777807052660807
CC(=O)[C@H]1CC[C@H]2[C@@H]3CC[C@@H]4C[C@H](O)CC[C@]4(C)[C@H]3CC[C@]12C,0.3010299956639812
CCC(C)(C)NCC(O)COc1ccccc1C(=O)CCc2ccccc2,0.07918124604762483
CN1C2C[C@@H](CC1[C@H]3O[C@@H]23)OC(=O)C(CO)c4ccccc4,0.4913616938342727
NC1=NC(=O)N(C=C1)[C@H]2CC[C@@H](CO)O2,-0.26760624017703144
OCCN1C[C@H](O)C(O)[C@H](O)C1CO,-0.5528419686577808
C[C@@H]([C@@H](O)c1ccc(O)cc1)N2CCC(O)(CC2)c3ccccc3,0.6434526764861874
FC1=CNC(=O)NC1=O,-0.638272163982407
[O]C(C1=CC=C(/N=N/N(C)C)C=C1)=O,-0.6020599913279624
CCC1=CC2CN(CCc3c([nH]c4ccccc34)C(C2)(C(=O)OC)c5cc6c(cc5OC)N(C)C7C(O)(C(OC(=O)C)C8(CC)C=CCN9CCC67C89)C(=O)OC)C1,1.0791812460476249
C[C@@H]1CC[C@H]2[C@@H](C)[C@H](OC(=O)CCC(=O)O)O[C@@H]3O[C@]4(C)CC[C@@H]1[C@@]23OO4,1.1760912590556811
CC(CCc1ccc2OCOc2c1)NCC(O)c3ccc(O)c(c3)C(=O)N,0.8976270912904415
CN(C)CCCN1c2ccccc2CCc3ccccc13,1.0791812460476249
N1([C@@H](CCC1)C(=O)N[C@H](C)C(N)=O)C([C@H](CCCNC(=N)N)NC([C@H](CC(C)C)NC([C@@H](CCCNC(=O)N)NC([C@H](Cc1ccc(cc1)O)NC([C@H](CO)NC([C@@H](Cc1cnccc1)NC([C@@H](Cc1ccc(cc1)Cl)NC([C@@H](Cc1ccc2c(c1)cccc2)NC(=O)C)=O)=O)=O)=O)=O)=O)=O)=O,-0.4089353929735008
CC(=O)Nc1c(I)c(NC(=O)C)c(I)c(C(=O)O)c1I,-0.585026652029182
CCN[C@@H]1C[C@H](N)[C@@H](O[C@H]2OC(=CC[C@H]2N)CN)[C@H](O)[C@H]1O[C@H]3OC[C@](C)(O)[C@H](NC)[C@H]3O,-1.1366771398795439
OC(Cc1cccnc1)(P(=O)(O)O)P(=O)(O)O,0.7993405494535817
CN1[C@@H]2CC[C@H]1CC(C2)OC(=O)C(CO)c3ccccc3,0.5185139398778874
COc1cc2CC[N+](C)(C)[C@@H]3Cc4ccc(O)c(Oc5cc6[C@H](Cc7ccc(Oc(c1O)c23)cc7)N(C)CCc6cc5OC)c4,-0.3467874862246563
CN1CCOC(c2ccccc2)c3ccccc3C1,0.7481880270062004
CCN1N=NN(CCN2CCC(COC)(CC2)N(C(=O)CC)c3ccccc3)C1=O,-0.3467874862246563
FC(F)(F)COc1ccc(OCC(F)(F)F)c(c1)C(=O)NCC2CCCCN2,0.7853298350107671
CN(C)[C@H]1[C@@H]2C[C@@H]3Cc4c(ccc(O)c4C(=O)C3=C(O)[C@]2(O)C(=O)C(=C1O)C(=O)N)N(C)C,0.2041199826559248
CN(C)C(=O)Cc1c(nc2ccc(C)cn12)c3ccc(C)cc3,-0.26760624017703144
CN1C(=C(O)c2ccccc2S1(=O)=O)C(=O)Nc3cc(C)on3,-0.7212463990471709
Cc1cccc(c1)N2CC(CO)OC2=O,0.17609125905568124
Cc1nnc2CN=C(c3ccccc3Cl)c4cc(Br)sc4n12,-0.12493873660829995
C[C@@H]1[C@H]2[C@H](O)[C@H]3[C@H](N(C)C)C(=C(C(=O)N)C(=O)[C@@]3(O)C(=C2C(=O)c4c(O)cccc14)O)O,-0.16115090926274472
CSc1ccc(cc1)C(=O)C2=C(C)NC(=O)N2,0.2552725051033061
NC(=N)c1ccc(CNC(=O)[C@@H]2CCN2C(=O)[C@H](NCC(=O)O)C3CCCCC3)cc1,-0.638272163982407
