smiles,heptox
CC(N)C12CC3CC(CC(C3)C1)C2,0.0
CCCCCOc1ccc(cc1)c2onc(c2)c3ccc(cc3)C(=O)NC4CC(O)C(O)NC(=O)C5C(O)C(C)CN5C(=O)C(NC(=O)C(NC(=O)C6CC(O)CN6C(=O)C(NC4=O)C(C)O)C(O)C(O)c7ccc(O)c(OS(=O)(=O)O)c7)C(O)CC(=O)N,1.0
CCCC(=O)OCOC(=O)C1=C(C)NC(=C(C1c2cccc(Cl)c2Cl)C(=O)OC)C,0.0
CC(=O)Nc1ccc(O)cc1,1.0
Cc1ncc(CO)c(CO)c1O,0.0
CN(CCOc1ccc(NS(=O)(=O)C)cc1)CCc2ccc(NS(=O)(=O)C)cc2,0.0
Cc1cc2OCOc2cc1CC(=O)c3sccc3S(=O)(=O)Nc4onc(C)c4Cl,1.0
CCCCCCCC\C=C\CCCCCCCC(=O)O,0.0
CN1C(=O)N(C)c2nc(Br)[nH]c2C1=O,0.0
CCC(C)C1NC(=O)C(Cc2ccc(O)cc2)NC(=O)C(N)CSSCC(NC(=O)C(CC(=O)N)NC(=O)C(NC1=O)C(C)O)C(=O)N3CCCC3C(=O)NC(CC(C)C)C(=O)NCC(=O)N,0.0
C[N+]1(C)CCCC(C1)OC(=O)C(O)(c2ccccc2)c3ccccc3,0.0
CC(C)c1nnc(C)n1C2C[C@@H]3CC[C@H](C2)N3CC[C@H](NC(=O)C4CCC(F)(F)CC4)c5ccccc5,1.0
CC[C@@H](CO)NC(=O)[C@H]1CN(C)[C@@H]2Cc3cn(C)c4cccc(C2=C1)c34,0.0
Oc1ccc(cc1)c2sc3cc(O)ccc3c2C(=O)c4ccc(OCCN5CCCCC5)cc4,0.0
[O-]C(=O)CN(CCN(CC(=O)[O-])CC(=O)[O-])C[C@H](COP(=O)([O-])OC1CCC(CC1)(c2ccccc2)c3ccccc3)N(CC(=O)[O-])CC(=O)[O-],0.0
CCN1CC(CCN2CCOCC2)C(C1=O)(c3ccccc3)c4ccccc4,0.0
CNCC[C@H](Oc1cccc2ccccc12)c3cccs3,1.0
CCC(=O)NCC[C@@H]1CCc2ccc3OCCc3c12,0.0
CN(C)N\N=C\1/N=CN=C1C(=O)N,1.0
CN1CCCC(CN2c3ccccc3Sc4ccccc24)C1,1.0
NCCCCCC(=O)O,0.0
Oc1ccc(C(=O)c2cc(O)c(O)c(O)c2)c(O)c1O,1.0
Clc1ccc2nsnc2c1NC3=NCCN3,1.0
CN1C(=O)N(C)c2ncn(CC(O)CO)c2C1=O,0.0
C[C@H](CCCC(C)(C)O)[C@H]1CC[C@H]2C(=CC=C3C[C@@H](O)C[C@H](O)C3=C)CCC[C@]12C,0.0
CN[C@@H](C)Cc1ccccc1,0.0
CNC1(C)C2CCC(C2)C1(C)C,0.0
CC(=O)Oc1ccc(cc1)C(=C2CCCCC2)c3ccc(OC(=O)C)cc3,1.0
OC(=O)CN(CCN(CCN(CC(=O)O)C(COCc1ccccc1)C(=O)[O-])CC(=O)[O-])CC(=O)[O-],0.0
CC(C)(C(=O)c1cccnc1)c2cccnc2,0.0
CSCC[C@H](NC(=O)[C@H](CO)NC(=O)[C@H](Cc1ccc(O)cc1)NC(=O)C(N)CO)C(=O)N[C@@H](CCC(=O)O)C(=O)N[C@@H](Cc2c[nH]cn2)C(=O)N[C@@H](Cc3ccccc3)C(=O)N[C@@H](CCCNC(=N)N)C(=O)N[C@@H](Cc4c[nH]c5ccccc45)C(=O)NCC(=O)N[C@@H](CCCCN)C(=O)N6CCC[C@H]6C(=O)N[C@@H](C(C)C)C(=O)NCC(=O)N[C@H](CCCCN)C(=O)N[C@H](CCCCN)C(=O)N[C@H](CCCNC(=N)N)C(=O)N[C@H](CCCNC(=N)N)C(=O)N7CCC[C@H]7C(=O)N[C@@H](C(C)C)C(=O)N[C@@H](CCCCN)C(=O)N[C@@H](C(C)C)C(=O)N[C@@H](Cc8ccc(O)cc8)C(=O)N9CCC[C@H]9C(=O)O,0.0
CCC1(C(=O)NCNC1=O)c2ccccc2,0.0
NC(=O)[C@@H]1CCCN1C(=O)[C@H](Cc2cnc[nH]2)NC(=O)[C@@H]3CCC(=O)N3,0.0
Nc1c(CC(=O)O)cccc1C(=O)c2ccc(Br)cc2,1.0
Cc1nc(cn1c2ccc(cc2)N(=O)=O)N(=O)=O,1.0
OC[C@H](O)[C@H](O)[C@@H](O)[C@H](O)CO,0.0
CC(=O)OCC[N+](C)(C)C,0.0
CN(C)CCC(c1ccc(Br)cc1)c2ccccn2,0.0
OC(=O)Cc1ccccc1Nc2c(Cl)cccc2Cl,1.0
C[C@](O)(CS(=O)(=O)c1ccc(F)cc1)C(=O)Nc2ccc(C#N)c(c2)C(F)(F)F,1.0
CC(C)c1c(C(=O)Nc2ccccc2)c(c3ccccc3)c(c4ccc(F)cc4)n1CC[C@@H](O)C[C@@H](O)CC(=O)O,1.0
OC(=O)COc1ccc(C(=O)c2cccs2)c(Cl)c1Cl,1.0
Nc1ccc(cc1)S(=O)(=O)Nc2nccs2,1.0
NC1=NC(=O)c2nc(CNc3ccc(cc3)C(=O)N[C@@H](CCC(=O)O)C(=O)O)cnc2N1,0.0
CC[C@H](C)[C@H](NC(=O)[C@H](CC(=O)O)NC(=O)[C@H](CC(C)C)NC(=O)[C@H](CC(C)C)NC(=O)[C@H](CCCCN)NC(=O)[C@H](CCCNC(=N)N)NC(=O)[C@H](CC(=O)N)NC(=O)[C@H](CO)NC(=O)[C@H](Cc1cnc[nH]1)NC(=O)[C@H](C)NC(=O)[C@H](CCC(=O)N)NC(=O)[C@H](CCC(=O)N)NC(=O)[C@H](C)NC(=O)[C@H](CC(C)C)NC(=O)[C@H](CCC(=O)N)NC(=O)[C@H](CC(=O)O)NC(=O)[C@H](C)NC(=O)[C@H](CCCCN)NC(=O)[C@@H](NC(=O)[C@H](CCSC)NC(=O)[C@H](CCC(=O)O)NC(=O)[C@H](CC(C)C)NC(=O)[C@@H](NC(=O)[C@H](CCC(=O)O)NC(=O)[C@H](CCCNC(=N)N)NC(=O)[C@H](CC(C)C)NC(=O)[C@H](CC(C)C)NC(=O)[C@H](Cc2cnc[nH]2)NC(=O)[C@H](Cc3ccccc3)NC(=O)[C@@H](NC(=O)[C@H](CC(C)C)NC(=O)[C@H](CC(=O)O)NC(=O)[C@H](CC(C)C)NC(=O)[C@H](CO)NC(=O)[C@@H](NC(=O)[C@@H]4CCCN4C(=O)[C@@H]5CCCN5C(=O)[C@H](CCC(=O)O)NC(=O)[C@H](CCC(=O)N)NC(=O)[C@@H](N)CO)[C@@H](C)CC)[C@@H](C)O)C(C)C)[C@@H](C)O)C(=O)N[C@@H](C)C(=O)N,0.0
OCC(NC(=O)C(Cl)Cl)C(O)c1ccc(cc1)N(=O)=O,0.0
CC1(C)C(=CC=CC=CC=CC2=[N+](CCCCS(=O)(=O)[O-])c3ccc4ccccc4c3C2(C)C)N(CCCCS(=O)(=O)[O-])c5ccc6ccccc6c15,0.0
CC#C[C@]1(O)CC[C@H]2[C@@H]3CCC4=CC(=O)CCC4=C3[C@H](C[C@]12C)c5ccc(cc5)N(C)C,0.0
Nc1nc(F)nc2c1ncn2[C@@H]3O[C@H](COP(=O)(O)O)[C@@H](O)[C@@H]3O,0.0
CC[C@]1(O)C[C@@H]2CN(CCc3c([nH]c4ccccc34)[C@@](C2)(C(=O)OC)c5cc6c(cc5OC)N(C)[C@H]7[C@](O)([C@H](OC(=O)C)[C@]8(CC)C=CCN9CC[C@]67[C@H]89)C(=O)OC)C1,0.0
CCCCCCCCCCC[C@@H](C[C@@H]1OC(=O)[C@H]1CCCCCC)OC(=O)[C@H](CC(C)C)NC=O,1.0
CS(=O)(=O)OCCCCOS(=O)(=O)C,1.0
CC(C)CCC[C@@H](C)CCC[C@@H](C)CCC[C@]1(C)CCc2c(C)c(O)c(C)c(C)c2O1,0.0
S=C1N=CNc2nc[nH]c12,1.0
C[C@H](N)C(=O)N[C@@H](C)C(=O)NC1[C@@H]2CN(C[C@H]12)c3nc4N(C=C(C(=O)O)C(=O)c4cc3F)c5ccc(F)cc5F,1.0
CN1C2CC(CC1C3OC23)OC(=O)C(CO)c4ccccc4,0.0
COc1ccc(cc1CN[C@H]2CCCN[C@H]2c3ccccc3)N(C)C,0.0
C[C@H]1[C@H]2Cc3ccc(O)cc3[C@]1(C)CCN2CC=C(C)C,0.0
NC(=O)NS(=O)(=O)c1ccc(N)cc1,1.0
CC(=O)O[C@H]1C[C@@H]2CC[C@@H]3[C@H](CC[C@@]4(C)[C@H]3C[C@@H]([C@@H]4OC(=O)C)[N+]5(C)CCCCC5)[C@@]2(C)C[C@@H]1N6CCCCC6,0.0
Cc1ccc(cc1)N(CC2=NCCN2)c3cccc(O)c3,0.0
CC(=O)N[C@@H](CS)C(=O)O,0.0
OCC1OC(CC1O)n2cnc3[C@H](O)CN=CNc23,1.0
CC(C(=O)O)c1cccc(Oc2ccccc2)c1,1.0
CC(=O)Nc1nnc(s1)S(=O)(=O)N,1.0
CSCC[C@H](NC(=O)[C@H](Cc1c[nH]c2ccccc12)NC(=O)CCNC(=O)OCC(C)C)C(=O)N[C@@H](CC(=O)O)C(=O)N[C@@H](Cc3ccccc3)C(=O)N,0.0
CC(=O)Oc1ccc(cc1)C(c2ccc(OC(=O)C)cc2)c3ccccn3,0.0
CC(C)(CO)C(O)C(=O)NCCCO,0.0
CCOC(=O)CN[C@H](C1CCCCC1)C(=O)N2CC[C@H]2C(=O)NCc3ccc(cc3)\C(=N\O)\N,1.0
CCCCCCCN(CC)CCCC(O)c1ccc(NS(=O)(=O)C)cc1,0.0
CC(C(=O)O)c1ccc2oc(nc2c1)c3ccc(Cl)cc3,1.0
NCCNCCNCCN,0.0
COc1ccc(OC)c(c1)C(O)CNC(=O)CN,0.0
CC1C(OCCN1C)c2ccccc2,0.0
CN(C)CCCC1c2ccccc2Nc3ccc(Cl)cc13,1.0
CN[C@@H]1CCc2[nH]c3ccc(cc3c2C1)C(=O)N,0.0
Cc1ccc(cc1)C(=O)c2cc(O)c(O)c(c2)N(=O)=O,1.0
CC12CCC3C(CCc4cc(OC(=O)N(CCCl)CCCl)ccc34)C1CCC2O,1.0
O=N(=O)OCC(CON(=O)=O)ON(=O)=O,0.0
CC[C@H](C)[C@@H]1NC(=O)[C@H](Cc2ccc(O)cc2)NC(=O)[C@@H](N)CSSC[C@H](NC(=O)[C@H](CC(=O)N)NC(=O)[C@H](CCC(=O)N)NC1=O)C(=O)N3CCC[C@H]3C(=O)N[C@@H](CC(C)C)C(=O)NCC(=O)N,0.0
CC(O)CN1CCN(CC(=O)[O-])CCN(CC(=O)[O-])CCN(CC(=O)[O-])CC1,0.0
CCCCN1C[C@H](O)[C@@H](O)[C@H](O)[C@H]1CO,0.0
CC(C)(C(=O)O)c1ccc(cc1)C(O)CCCN2CCC(CC2)C(O)(c3ccccc3)c4ccccc4,0.0
CCOC(=O)C1(CCN(C)CC1)c2ccccc2,0.0
CC[C@H]1OC(=O)[C@H](C)[C@@H](O[C@H]2C[C@@](C)(OC)[C@@H](O)[C@H](C)O2)[C@H](C)[C@@H](O[C@@H]3O[C@H](C)C[C@@H]([C@H]3O)N(C)C)[C@](C)(O)C[C@@H](C)C(=O)[C@H](C)[C@@H](O)[C@]1(C)O,1.0
Cc1ccnc2N(C3CC3)c4ncccc4C(=O)Nc12,1.0
Cn1c(CCCC(=O)O)nc2cc(ccc12)N(CCCl)CCCl,0.0
CC(C)NCC(O)c1ccc(O)c(O)c1,0.0
COc1cc(C)c(\C=C\C(=C\C=C\C(=C/C(=O)O)\C)\C)c(C)c1C,1.0
OC(=O)c1cccnc1,1.0
C[C@H]1O[C@H](O[C@H]2[C@H](O)[C@@H](O)[C@@H](O[C@H]3[C@H](O)[C@@H](O)[C@H](O)O[C@@H]3CO)O[C@@H]2CO)[C@H](O)[C@@H](O)[C@@H]1N[C@H]4C=C(CO)[C@H](O)[C@H](O)[C@H]4O,1.0
CN(C)CCOC(c1ccccc1)c2ccccc2,0.0
CC(O)C(O)C1CNC2=C(N1)C(=O)N=C(N)N2,0.0
NC[C@H]1O[C@H](O[C@@H]2[C@@H](N)C[C@@H](N)[C@H](O[C@H]3O[C@H](CO)[C@@H](O)[C@H](N)[C@H]3O)[C@H]2O)[C@H](O)[C@@H](O)[C@@H]1O,0.0
CCN(CC)CC(=O)Nc1c(C)cccc1C,0.0
OC(Cn1cncn1)(Cn2cncn2)c3ccc(F)cc3F,1.0
O=C1CN(\N=C/c2oc(cc2)N(=O)=O)C(=O)N1,1.0
CC[C@H](C)[C@H](NC(=O)[C@@H](NC(=O)[C@H](CCC(=O)O)NC(=O)[C@H](CC(C)C)NC(=O)[C@H](CCSC)NC(=O)[C@H](CCCCN)NC(=O)[C@H](CCCNC(=N)N)NC(=O)[C@H](CC(=O)N)NC(=O)[C@H](CO)NC(=O)[C@H](Cc1cnc[nH]1)NC(=O)[C@H](C)NC(=O)[C@H](CCC(=O)N)NC(=O)[C@H](CCC(=O)N)NC(=O)[C@H](C)NC(=O)[C@H](CC(C)C)NC(=O)[C@H](CCC(=O)N)NC(=O)[C@H](CCC(=O)O)NC(=O)[C@H](C)NC(=O)[C@H](CCCNC(=N)N)NC(=O)[C@H](C)NC(=O)[C@H](CCSC)NC(=O)[C@H](CCC(=O)O)NC(=O)[C@H](CC(C)C)NC(=O)[C@@H](NC(=O)[C@H](CCC(=O)O)NC(=O)[C@H](CCCNC(=N)N)NC(=O)[C@H](CC(C)C)NC(=O)[C@H](CC(C)C)NC(=O)[C@H](Cc2cnc[nH]2)NC(=O)[C@H](Cc3ccccc3)NC(=O)[C@@H](NC(=O)[C@H](CC(C)C)NC(=O)[C@H](CC(=O)O)NC(=O)[C@H](CC(C)C)NC(=O)[C@H](CO)NC(=O)[C@@H](NC(=O)[C@@H]4CCCN4C(=O)[C@@H]5CCCN5C(=O)[C@H](CCC(=O)O)NC(=O)[C@H](CCC(=O)O)NC(=O)[C@@H](N)CO)[C@@H](C)CC)[C@@H](C)O)C(C)C)[C@@H](C)CC)C(=O)O,0.0
NCCc1ccc(O)c(O)c1,0.0
CC[C@H](C)[C@H](NC(=O)[C@H](Cc1ccccc1)NC(=O)[C@H](CC(C)C)NC(=O)[C@H](CCCNC(=N)N)NC(=O)[C@@H](NC(=O)[C@H](C)NC(=O)[C@H](CCC(=O)O)NC(=O)[C@H](CCC(=O)O)NC(=O)[C@H](CCC(=O)O)NC(=O)[C@H](CCSC)NC(=O)[C@H](CCC(=O)N)NC(=O)[C@H](CCCCN)NC(=O)[C@H](CO)NC(=O)[C@H](CC(C)C)NC(=O)[C@H](CC(=O)O)NC(=O)[C@H](CO)NC(=O)[C@@H](NC(=O)[C@H](Cc2ccccc2)NC(=O)[C@@H](NC(=O)CNC(=O)[C@H](CCC(=O)O)NC(=O)CNC(=O)[C@@H](N)Cc3cnc[nH]3)[C@@H](C)O)[C@@H](C)O)C(C)C)C(=O)N[C@@H](CCC(=O)O)C(=O)N[C@@H](Cc4c[nH]c5ccccc45)C(=O)N[C@@H](CC(C)C)C(=O)N[C@@H](CCCCN)C(=O)N[C@@H](CC(=O)N)C(=O)NCC(=O)NCC(=O)N6CCC[C@H]6C(=O)N[C@@H](CO)C(=O)N[C@@H](CO)C(=O)NCC(=O)N[C@@H](C)C(=O)N7CCC[C@H]7C(=O)N8CCC[C@H]8C(=O)N9CCC[C@H]9C(=O)N[C@@H](CO)C(=O)N,0.0
Oc1ccc(cc1)C2CNCCc3c(Cl)c(O)c(O)cc23,0.0
CCN(CC)C(=O)[C@@]1(C[C@@H]1CN)c2ccccc2,1.0
OCCN1C[C@H](O)[C@@H](O)[C@H](O)[C@H]1CO,0.0
C[NH+](C)CCOC(c1ccccc1)c2ccccc2,0.0
CN1CCc2cccc3c2[C@H]1Cc4ccc(O)c(O)c34,0.0
COc1ccc2C[C@@H]3[C@@H]4C=C[C@H](O)[C@@H]5Oc1c2[C@]45CCN3C,0.0
NCC1CCC(CC1)C(=O)O,0.0
CSCC[C@H](N)C(=O)O,0.0
N[C@@H](CCCN=C(N)N)C(=O)O,0.0
CC(C)COc1ccc(cc1C#N)c2nc(C)c(s2)C(=O)O,1.0
NC1=NC(=O)C2=C(NCC(CNc3ccc(cc3)C(=O)NC(CCC(=O)O)C(=O)O)N2C=O)N1,0.0
CS(=O)(=O)CCNCc1oc(cc1)c2ccc3ncnc(Nc4ccc(OCc5cccc(F)c5)c(Cl)c4)c3c2,1.0
NC(=O)N1c2ccccc2C=Cc3ccccc13,1.0
CCCCS(=O)(=O)N[C@@H](Cc1ccc(OCCCCC2CCNCC2)cc1)C(=O)O,0.0
CNC(=O)c1cnn(c1)c2nc(N)c3ncn([C@@H]4O[C@H](CO)[C@@H](O)[C@H]4O)c3n2,0.0
COc1ccc2c(cccc2c1C(F)(F)F)C(=S)N(C)CC(=O)O,1.0
Cc1cc2c(cc1C(=C)c3ccc(cc3)C(=O)O)C(C)(C)CCC2(C)C,1.0
CSCC[C@H](NC(=O)[C@H](Cc1ccc(OS(=O)(=O)O)cc1)NC(=O)[C@@H](N)CC(=O)O)C(=O)NCC(=O)N[C@@H](Cc2c[nH]c3ccccc23)C(=O)N[C@@H](CCSC)C(=O)N[C@@H](CC(=O)O)C(=O)N[C@@H](Cc4ccccc4)C(=O)N,0.0
Cc1c(C)c2OC(C)(COc3ccc(CC4SC(=O)NC4=O)cc3)CCc2c(C)c1O,1.0
NC[C@@H]1O[C@H](O[C@H]2[C@@H](O)[C@H](O[C@@H]3[C@@H](O)[C@H](N)C[C@H](N)[C@H]3O[C@H]4O[C@H](CO)[C@@H](O)[C@H](O)[C@H]4N)O[C@@H]2CO)[C@H](N)[C@@H](O)[C@@H]1O,0.0
NC1CSSCC(NC(=O)C(CC(=O)N)NC(=O)C(CCC(=O)N)NC(=O)C(Cc2ccccc2)NC(=O)C(Cc3ccc(O)cc3)NC1=O)C(=O)N4CCCC4C(=O)NC(CCCN=C(N)N)C(=O)NCC(=O)N,0.0
C[C@]1(O)CC[C@H]2[C@@H]3CC[C@H]4CC(=O)OC[C@]4(C)[C@H]3CC[C@]12C,1.0
CNC(=O)c1c(I)c(NC(=O)C)c(I)c(C(=O)O)c1I,0.0
CC(N)COc1c(C)cccc1C,1.0
CCCCCCCCNC(C)C(O)c1ccc(SC(C)C)cc1,1.0
CN1CC(c2ccccc2)c3cccc(N)c3C1,1.0
O=C1N=CN=C2NNC=C12,1.0
C[C@@H](NCCCc1cccc(c1)C(F)(F)F)c2cccc3ccccc23,0.0
CN(C)CCOC(C)(c1ccccc1)c2ccccn2,0.0
C[N+]1(CC2CC2)CC[C@]34[C@H]5Oc6c(O)ccc(C[C@@H]1[C@]3(O)CCC5=O)c46,0.0
CN(C)CCCN1c2ccccc2CCc3ccc(Cl)cc13,1.0
OCCN(C(=O)CO)c1c(I)c(C(=O)NCC(O)CO)c(I)c(C(=O)NCC(O)CO)c1I,0.0
OCC(O)C(O)C(O)C(O)CO,0.0
CCCCN(CCCC)CCCOc1ccc(cc1)C(=O)c2c(CCCC)oc3ccc(NS(=O)(=O)C)cc23,1.0
CN(C)CC[C@@H](c1ccc(Cl)cc1)c2ccccn2,0.0
CC(=O)O[C@H]1[C@H](C[C@H]2[C@@H]3CC[C@H]4C[C@H](O)[C@H](C[C@]4(C)[C@H]3CC[C@]12C)N5CCOCC5)[N+]6(CC=C)CCCC6,0.0
C\C=C\1/NC(=O)[C@H]2CSSCC\C=C\[C@H](CC(=O)N[C@H](C(C)C)C(=O)N2)OC(=O)[C@@H](NC1=O)C(C)C,0.0
O=C1NC(=O)C(N1)(c2ccccc2)c3ccccc3,1.0
CN1C(c2ccc(Cl)cc2)S(=O)(=O)CCC1=O,1.0
CCN(C(=O)C)c1cccc(c1)c2ccnc3c(cnn23)C#N,0.0
OC[C@H]1O[C@H]([C@@H](F)[C@@H]1O)N2C=C(I)C(=O)NC2=O,1.0
CNC(=O)c1cc(Oc2ccc(NC(=O)Nc3ccc(Cl)c(c3)C(F)(F)F)cc2)ccn1,1.0
C[C@@H](NCC(C)(C)CN[C@H](C)\C(=N\O)\C)\C(=N\O)\C,0.0
C[C@](N)(Cc1ccc(O)c(O)c1)C(=O)O,1.0
N[C@H](C(=O)N1[C@@H](C[C@@H]2C[C@H]12)C#N)C34CC5CC(CC(O)(C5)C3)C4,0.0
CC[C@@]1(O)C(=O)OCC2=C1C=C3N(Cc4cc5c(CN(C)C)c(O)ccc5nc34)C2=O,0.0
COc1cc(ccc1Cc2cn(C)c3ccc(NC(=O)OC4CCCC4)cc23)C(=O)NS(=O)(=O)c5ccccc5C,1.0
NC(=O)OCC(COC(=O)N)c1ccccc1,1.0
[O-]S(=O)(=O)OC[C@H]1O[C@@H](O[C@]2(COS(=O)(=O)[O-])O[C@H](OS(=O)(=O)[O-])[C@@H](OS(=O)(=O)[O-])[C@@H]2OS(=O)(=O)[O-])[C@H](OS(=O)(=O)[O-])[C@@H](OS(=O)(=O)[O-])[C@@H]1OS(=O)(=O)[O-],0.0
OC(=O)c1ccc(cc1)N2N\C(=C/3\C=CC=CC3=O)\N/C/2=C\4/C=CC=CC4=O,1.0
Clc1ccc(OCC(=O)N2CCN(Cc3ccc4OCOc4c3)CC2)cc1,1.0
COCCOc1cc2ncnc(Nc3cccc(c3)C#C)c2cc1OCCOC,1.0
CNCC[C@@H](Oc1ccccc1C)c2ccccc2,1.0
CO[C@H]1[C@@H](C[C@@H]2CN3CCc4c([nH]c5cc(OC)ccc45)[C@H]3C[C@@H]2[C@@H]1C(=O)OC)OC(=O)c6cc(OC)c(OC)c(OC)c6,0.0
CCCSc1ccc2nc(NC(=O)OC)[nH]c2c1,1.0
CCCC(CCC)C(=O)O,1.0
COC(=O)CCc1ccc(OCC(O)CNC(C)C)cc1,0.0
Nc1ncnc2c1ncn2[C@@H]3O[C@H](CO)[C@@H](O)[C@H]3O,0.0
Fc1ccc(cc1)C(CCCN2CCC(CC2)N3C(=O)Nc4ccccc34)c5ccc(F)cc5,0.0
COc1ccc(Cc2nccc3cc(OC)c(OC)cc23)cc1OC,1.0
OC(=O)[O-],0.0
CN1C2=C(OC(=O)N(C2=O)c3ccccn3)c4ccccc4S1(=O)=O,1.0
Fc1ccc(cc1)C(=O)CCCN2CCC(=CC2)N3C(=O)Nc4ccccc34,0.0
CCCC1=CC(=O)NC(=S)N1,1.0
CCCCC(F)(F)[C@@]1(O)CC[C@@H]2[C@H](CCCCCCC(=O)O)C(=O)C[C@H]2O1,0.0
CO[C@H]1\C=C\O[C@@]2(C)Oc3c(C)c(O)c4C(=C(NC(=O)\C(=C/C=C/[C@H](C)[C@H](O)[C@@H](C)[C@@H](O)[C@@H](C)[C@H](OC(=O)C)[C@@H]1C)\C)\C(=C/NN5CCN(C)CC5)\C(=O)c4c3C2=O)O,1.0
NCCc1ccc(O)cc1,0.0
CC(C)C1NC(=O)C(NC(=O)C2=C(N)C(=O)C(=C3Oc4c(C)ccc(C(=O)NC5C(C)OC(=O)C(C(C)C)N(C)C(=O)CN(C)C(=O)C6CCCN6C(=O)C(NC5=O)C(C)C)c4N=C23)C)C(C)OC(=O)C(C(C)C)N(C)C(=O)CN(C)C(=O)C7CCCN7C1=O,1.0
CN1[C@@H]2CC[C@@H]1CC(C2)OC(c3ccccc3)c4ccccc4,0.0
C[C@@H](c1ncncc1F)[C@](O)(Cn2cncn2)c3ccc(F)cc3F,1.0
Cc1ccccc1C(=O)Nc2ccc(C(=O)N3CCCC(O)c4cc(Cl)ccc34)c(C)c2,1.0
CC1=CN([C@@H]2O[C@H](CO)C=C2)C(=O)NC1=O,1.0
CC(C)NNC(=O)c1ccncc1,1.0
NC1=NC(=O)C(O1)c2ccccc2,1.0
CCN(CC)CC#CCOC(=O)C(O)(C1CCCCC1)c2ccccc2,0.0
OC(=O)c1cc(nc2ccccc12)c3ccccc3,1.0
CC(C)[C@@H](C)\C=C\[C@@H](C)[C@H]1CC[C@H]2\C(=C\C=C/3\C[C@@H](O)CCC3=C)\CCC[C@]12C,0.0
CN[C@@H](C)[C@H](O)c1ccccc1,0.0
OC(=O)C(CC(=O)CNC(=O)c1ccccc1)Cc2ccccc2,0.0
C[C@]12CC[C@H]3[C@@H](CC(=C)C4=CC(=O)C=C[C@]34C)[C@@H]1CCC2=O,1.0
OC(=O)C1=CN(C2CC2)c3cc(N4CCNCC4)c(F)cc3C1=O,1.0
ClC(Cl)C(c1ccc(Cl)cc1)c2ccccc2Cl,0.0
Cc1cc2N=C3C(=O)NC(=O)N=C3N(C[C@@H](O)[C@@H](O)[C@@H](O)CO)c2cc1C,0.0
OP(=O)(O)OCN1C(=O)NC(C1=O)(c2ccccc2)c3ccccc3,1.0
O=C(CCNNC(=O)c1ccncc1)NCc2ccccc2,1.0
CC(CCc1ccccc1)NCC(O)c2ccc(O)c(c2)C(=O)N,1.0
CC(C)NCC(O)COc1cccc2[nH]ccc12,0.0
OP(=O)(O)C(Sc1ccc(Cl)cc1)P(=O)(O)O,0.0
COc1ccc(cc1)[C@@H]2Sc3ccccc3N(CCN(C)C)C(=O)[C@@H]2OC(=O)C,1.0
Nc1nnc(c(N)n1)c2cccc(Cl)c2Cl,1.0
CCC[C@H]1O[C@@H]2C[C@H]3[C@@H]4CCC5=CC(=O)C=C[C@]5(C)[C@H]4[C@@H](O)C[C@]3(C)[C@@]2(O1)C(=O)CO,0.0
CO\N=C(/N)\c1ccc(cc1)c2oc(cc2)c3ccc(cc3)\C(=N\OC)\N,1.0
CCOC(=O)c1cncn1C(C)c2ccccc2,0.0
CN(C)CCOC(c1ccc(Cl)cc1)c2ccccn2,0.0
COc1ccc(CC2c3cc(OC)c(OC)cc3CC[N+]2(C)CCC(=O)OCCCCCOC(=O)CC[N+]4(C)CCc5cc(OC)c(OC)cc5C4Cc6ccc(OC)c(OC)c6)cc1OC,0.0
CC(C)CCCC(C)CCCC(C)CCCC(=CCC1=C(C)C(=O)c2ccccc2C1=O)C,0.0
C[N+](C)(C)C[C@H](O)CC(=O)[O-],0.0
OC(=O)COc1nn(Cc2ccccc2)c3ccccc13,1.0
CC1(C)SC(NC1C(=O)O)C(NC(=O)Cc2ccccc2)C(=O)NCCCCCC(=O)O,0.0
CN(C)CCC(c1ccc(Cl)cc1)c2ccccn2,0.0
C[C@]12C[C@H](O)[C@@]3(F)[C@@H](CCC4=CC(=O)CC[C@]34C)[C@@H]1CC[C@]2(O)C(=O)CO,0.0
CC[C@H](C)[C@@H]1NC(=O)[C@H](CCCNC(=N)N)NC(=O)[C@H](CC(=O)O)NC(=O)[C@H](CCSC)NC(=O)[C@H](CCCCN)NC(=O)[C@H](CCCNC(=N)N)NC(=O)CNC(=O)[C@H](Cc2ccccc2)NC(=O)[C@H](CSSC[C@H](NC(=O)CNC(=O)[C@H](CC(C)C)NC(=O)CNC(=O)[C@H](CO)NC(=O)[C@H](CO)NC(=O)[C@H](CO)NC(=O)[C@H](CO)NC1=O)C(=O)N[C@@H](CCCCN)C(=O)N[C@@H](C(C)C)C(=O)N[C@@H](CC(C)C)C(=O)N[C@@H](CCCNC(=N)N)C(=O)N[C@@H](CCCNC(=N)N)C(=O)N[C@@H](CC3C=NC=N3)C(=O)O)NC(=O)CNC(=O)[C@H](CO)NC(=O)CNC(=O)[C@H](CCC(=O)N)NC(=O)[C@@H](NC(=O)[C@H](CCSC)NC(=O)[C@H](CCCCN)NC(=O)[C@@H]4CCCN4C(=O)[C@@H](N)CO)C(C)C,0.0
ClCC1CO1,0.0
CN1CCCN=C1\C=C\c2cccs2,0.0
OC(=O)c1c(I)cc(I)c(NC(=O)CCCCC(=O)Nc2c(I)cc(I)c(C(=O)O)c2I)c1I,0.0
CN[C@H]1[C@H](O)[C@@H](O)[C@H](CO)O[C@H]1O[C@H]2[C@H](O[C@H]3[C@H](O)[C@@H](O)[C@H](N=C(N)N)[C@@H](O)[C@@H]3N=C(N)N)O[C@@H](C)[C@]2(O)C=O,0.0
CC1=C(CC(=O)O)c2cc(F)ccc2C1=Cc3ccc(cc3)S(=O)C,1.0
CC1=C(CCN2CCC(CC2)c3noc4cc(F)ccc34)C(=O)N5CCCC(O)C5=N1,0.0
CN1C(=O)N(C)c2nc[nH]c2C1=O,0.0
CCN(CC)C(=S)SSC(=S)N(CC)CC,1.0
CCC(=O)N(c1ccccc1)C2(COC)CCN(CCc3cccs3)CC2,0.0
CC(NN)c1ccccc1,1.0
COc1cc2ncnc(Nc3ccc(F)c(Cl)c3)c2cc1OCCCN4CCOCC4,1.0
Cc1nc(C)c2CCC(=O)N(Cc3ccc(cc3)c4ccccc4c5nn[nH]n5)c2n1,1.0
CN1C(=O)C(=O)\C(=C(\O)/NCc2ccc(F)cc2)\N=C1C(C)(C)NC(=O)c3oc(C)nn3,1.0
COc1ccccc1OCC(O)CN2CCN(CC(=O)Nc3c(C)cccc3C)CC2,0.0
CNC[C@H](O)c1ccc(O)c(O)c1,0.0
Cc1cccc(CN2CCN(CC2)C(c3ccccc3)c4ccc(Cl)cc4)c1,0.0
CN(C)CCc1c[nH]c2ccc(CS(=O)(=O)N3CCCC3)cc12,0.0
Oc1ccc2c(Oc3cc(O)ccc3C24OC(=O)c5ccccc45)c1,0.0
CC(O)C1=C(C)c2cc3[nH]c(cc4nc(cc5nc(cc1[nH]2)c(C)c5CCC(=O)O)c(CCC(=O)O)c4C)c(C)c3C(C)OC(C)C6=C(C)c7cc8[nH]c(cc9nc(cc%10nc(cc6[nH]7)c(C)c%10CCC(=O)O)c(CCC(=O)O)c9C)c(C)c8C(C)O,0.0
CNCCC=C1c2ccccc2CCc3ccccc13,1.0
CCNC(=NCCCC[C@@H](NC(=O)[C@H](Cc1ccc(O)cc1)NC(=O)[C@H](CO)NC(=O)[C@@H](Cc2cccnc2)NC(=O)[C@@H](Cc3ccc(Cl)cc3)NC(=O)[C@@H](Cc4ccc5ccccc5c4)NC(=O)C)C(=O)N[C@@H](CC(C)C)C(=O)N[C@@H](CCCCN=C(NCC)NCC)C(=O)N6CCC[C@H]6C(=O)N[C@H](C)C(=O)N)NCC,0.0
COc1cc(NC(C)CCCN)c2ncccc2c1,0.0
Nc1nc(NC2CC2)c3ncn(C4C[C@@H](CO)C=C4)c3n1,1.0
CN1C(=O)N(C)c2ncn(C)c2C1=O,0.0
OC[C@H]1O[C@@H](O[C@@H]2[C@@H](CO)O[C@](O)(CO)[C@H]2O)[C@H](O)[C@@H](O)[C@H]1O,0.0
CCCN(CCC)C(=O)Cc1c(nc2ccc(Cl)cn12)c3ccc(Cl)cc3,1.0
[O-]C(=O)[O-],0.0
CC(C)CC(NC(=O)CNC(=O)C(CCC(=O)N)NC(=O)C(CC(C)C)NC(=O)C(CC(C)C)NC(=O)C(CCCNC(=N)N)NC(=O)C(CCC(=O)N)NC(=O)C(CC(C)C)NC(=O)C(CCCNC(=N)N)NC(=O)C(C)NC(=O)C(CO)NC(=O)C(CC(=O)O)NC(=O)C(CCCNC(=N)N)NC(=O)C(CC(C)C)NC(=O)C(CCCNC(=N)N)NC(=O)C(CO)NC(=O)C(CC(C)C)NC(=O)C(CCC(=O)O)NC(=O)C(CO)NC(=O)C(NC(=O)C(Cc1ccccc1)NC(=O)C(NC(=O)CNC(=O)C(CC(=O)O)NC(=O)C(CO)NC(=O)C(N)Cc2ncc[nH]2)C(C)O)C(C)O)C(=O)NC(C(C)C)C(=O)O,0.0
[C-]#N,0.0
CC(C)Nc1ncccn1,1.0
ONC(=O)CCCCCCC(=O)Nc1ccccc1,0.0
FC(F)(F)[C@]1(OC(=O)Nc2ccc(Cl)cc12)C#CC3CC3,1.0
CCCC(C)(COC(=O)N)COC(=O)NC(C)C,0.0
Clc1ccc2OC(=O)Nc2c1,1.0
C(N1CCCNCCNCCCNCC1)c2ccc(CN3CCCNCCNCCCNCC3)cc2,0.0
CCC(C)CCCCC(=O)NC(CCNCS(=O)(=O)[O-])C(=O)NC(C(C)O)C(=O)NC(CCNCS(=O)(=O)[O-])C(=O)NC1CCNC(=O)C(NC(=O)C(CCNCS(=O)(=O)[O-])NC(=O)C(CCNCS(=O)(=O)[O-])NC(=O)C(CC(C)C)NC(=O)C(CC(C)C)NC(=O)C(CCNCS(=O)(=O)[O-])NC1=O)C(C)O,0.0
CN(C)C(=O)Oc1ccc[n+](C)c1,0.0
CCc1oc2ccccc2c1C(=O)c3ccc(O)cc3,1.0
CCCCc1oc2ccccc2c1C(=O)c3cc(I)c(OCCN(CC)CC)c(I)c3,1.0
CS(=O)(=O)Nc1ccc(cc1Oc2ccccc2)N(=O)=O,1.0
CCOC(=O)c1ncn2c1CN(C)C(=O)c3cc(F)ccc23,0.0
Clc1ccccc1CN2CCc3sccc3C2,1.0
CC(COc1ccccc1)NN,1.0
CC(C)c1cc(OC(=O)C)c(C)cc1OCCN(C)C,1.0
CC(C)[N+](C)(CCOC(=O)C1c2ccccc2Oc3ccccc13)C(C)C,0.0
CC(=O)O[C@H]1C[C@@H]2CC[C@@H]3[C@H](CC[C@@]4(C)[C@H]3C[C@@H]([C@@H]4OC(=O)C)[N+]5(C)CCCCC5)[C@@]2(C)C[C@@H]1[N+]6(C)CCCCC6,0.0
O=C1CN(N=Cc2oc(cc2)c3ccc(cc3)N(=O)=O)C(=O)N1,1.0
CN(C)CC=C(c1ccc(Br)cc1)c2cccnc2,1.0
CC1=C(Oc2c(cccc2C1=O)C(=O)OCCN3CCCCC3)c4ccccc4,0.0
c1ccc2[nH]c(nc2c1)c3cscn3,1.0
CCC(CO)NCCNC(CC)CO,1.0
C[C@H](Cc1ccccc1)N(C)CC#C,0.0
OC[C@@H]1CC[C@@H](O1)n2cnc3C(=O)N=CNc23,1.0
CN1CCN(Cc2ccc(cc2)C(=O)Nc3ccc(C)c(Nc4nccc(n4)c5cccnc5)c3)CC1,1.0
CN(C)CCOC(c1ccccc1)c2ccccc2C,0.0
CC[C@H]1OC(=O)[C@H](C)[C@@H](O[C@H]2C[C@@](C)(OC)[C@@H](O)[C@H](C)O2)[C@H](C)[C@@H](O[C@@H]3O[C@H](C)C[C@@H]([C@H]3O)N(C)C)[C@@](C)(C[C@@H](C)C(=O)[C@H](C)[C@@H](O)[C@]1(C)O)OC,1.0
NC1=NC(=O)C2=C(NCC(CNc3ccc(cc3)C(=O)N[C@H](CCC(=O)O)C(=O)O)N2C=O)N1,0.0
CN(C)Cc1oc(CSCCN\C(=C/N(=O)=O)\NCc2ccc3OCOc3c2)cc1,1.0
CCCCCCC(C)(C)c1cc(O)c2[C@@H]3CC(=O)CC[C@H]3C(C)(C)Oc2c1,0.0
C[C@]12CCC(=O)C=C1CC[C@H]3[C@@H]4CC[C@](O)(C(=O)CO)[C@@]4(C)C[C@H](O)[C@H]23,0.0
CC(C)NCC(O)c1cc(O)cc(O)c1,0.0
Cn1cnc(c1Sc2ncnc3nc[nH]c23)N(=O)=O,1.0
CC(=O)N1CCN(CC1)c2ccc(OC[C@@H]3CO[C@](Cn4ccnc4)(O3)c5ccc(Cl)cc5Cl)cc2,1.0
CC\C(=C(/c1ccccc1)\c2ccc(OCCN(C)C)cc2)\c3ccccc3,1.0
C(C(C1CCCCC1)C2CCCCC2)C3CCCCN3,1.0
[O-]S(=O)(=O)c1ccccc1C=C,0.0
CCOC(=O)N1CCC(=C2c3ccc(Cl)cc3CCc4cccnc24)CC1,0.0
CC[C@H](C)[C@H](NC(=O)[C@H](CCC(=O)O)NC(=O)[C@H](CCC(=O)O)NC(=O)[C@H](Cc1ccccc1)NC(=O)[C@H](CC(=O)O)NC(=O)CNC(=O)[C@H](CC(=O)N)NC(=O)CNC(=O)CNC(=O)CNC(=O)CNC(=O)[C@@H]2CCCN2C(=O)[C@H](CCCNC(=N)N)NC(=O)[C@@H]3CCCN3C(=O)[C@H](N)Cc4ccccc4)C(=O)N5CCC[C@H]5C(=O)N[C@@H](CCC(=O)O)C(=O)N[C@@H](CCC(=O)O)C(=O)N[C@@H](Cc6ccc(O)cc6)C(=O)N[C@@H](CC(C)C)C(=O)O,0.0
Nc1ccc(C(=O)O)c(O)c1,1.0
CN1CC[C@]23[C@H]4Oc5c(O)ccc(C[C@@H]1[C@@H]2C=C[C@@H]4O)c35,0.0
CCC(C)N1N=CN(C1=O)c2ccc(cc2)N3CCN(CC3)c4ccc(OC[C@H]5CO[C@@](Cn6cncn6)(O5)c7ccc(Cl)cc7Cl)cc4,1.0
CC(O)C(=O)[O-],0.0
CC(C)C(=O)Nc1ccc(c(c1)C(F)(F)F)N(=O)=O,1.0
CN1[C@@H](CNc2ccc(cc2)C(=O)N[C@@H](CCC(=O)[O-])C(=O)[O-])CNC3=C1C(=O)N=C(N)N3,0.0
C[C@H]1COc2c(N3CCN(C)CC3)c(F)cc4C(=O)C(=CN1c24)C(=O)O,1.0
CC(=O)Oc1ccc(cc1)C2(C(=O)Nc3ccccc23)c4ccc(OC(=O)C)cc4,1.0
C[C@H]1O[C@H](C[C@H](O)[C@@H]1O)O[C@H]2[C@@H](O)C[C@H](O[C@H]3[C@@H](O)C[C@H](O[C@H]4CC[C@@]5(C)[C@H](CC[C@@H]6[C@@H]5C[C@@H](O)[C@]7(C)C(CC[C@]67O)C8=CC(=O)OC8)C4)O[C@@H]3C)O[C@@H]2C,0.0
CCCC(C)(COC(=O)N)COC(=O)N,0.0
OC[C@H](O)C1OC(=O)C(=C1O)O,0.0
C[N+]1(C)C2CC(CC1C3OC23)OC(=O)C(CO)c4ccccc4,0.0
CC(=O)OCC(=O)[C@@]1(O)CC[C@H]2[C@@H]3CCC4=CC(=O)CC[C@]4(C)[C@H]3C(=O)C[C@]12C,0.0
CCC(C)CCCCC(=O)NC(CCN)C(=O)NC(C(C)O)C(=O)NC(CCN)C(=O)NC1CCNC(=O)C(NC(=O)C(CCN)NC(=O)C(CCN)NC(=O)C(CC(C)C)NC(=O)C(Cc2ccccc2)NC(=O)C(CCN)NC1=O)C(C)O,0.0
OC(=O)Cc1csc(n1)c2ccc(Cl)cc2,1.0
CC(=O)N[C@H]1[C@H](O)O[C@H](CO)[C@H](OS(=O)(=O)[O-])[C@@H]1O[C@@H]2O[C@H]([C@@H](O)[C@H](O)[C@H]2O)C(=O)[O-],1.0
Oc1ccc2C[C@H]3N(CC=C)CC[C@@]45[C@@H](Oc1c24)C(=O)CC[C@@]35O,0.0
COc1ccccc1Oc2c(NS(=O)(=O)c3ccc(cc3)C(C)(C)C)nc(nc2OCCO)c4ncccn4,1.0
CC(C)(C)NCC(O)c1ccc(O)c(CO)c1,0.0
Cc1nc2c(CCN(C(=O)c3ccc(NC(=O)c4ccccc4c5ccccc5)cc3)c6ccccc26)[nH]1,0.0
CC1OC(=O)CC(O)CC(O)CC(O)CCC(O)C(O)CC(=O)CC(O)C(C(O)CC(OC2O[C@H](C)[C@@H](O)[C@H](N)[C@@H]2O)\C=C\C=C\C=C\C=C\CC\C=C\C=C\C(C)C(O)C1C)C(=O)O,0.0
COc1ccc2C[C@H]3[C@H]4CCCC[C@@]4(CCN3C)c2c1,0.0
OC(=O)CN(CCN(CCN(CC(=O)O)CC(=O)[O-])CC(=O)[O-])CC(=O)[O-],0.0
C[C@H](N)Cc1ccccc1,0.0
OC(=O)CN(CCN(CC(=O)O)CC(=O)O)CCN(CC(=O)O)CC(=O)O,0.0
CN(C)CC[C@@H](c1ccc(Br)cc1)c2ccccn2,0.0
CC(O)(P(=O)(O)O)P(=O)(O)O,0.0
OC[C@H]1OC(O)[C@H](O)[C@@H](O)[C@@H]1O,0.0
NS(=O)(=O)c1cc(Cl)c(Cl)c(c1)S(=O)(=O)N,0.0
CCC(C(C)CN(C)C)c1cccc(O)c1,0.0
COCCNC(=O)CN(CCN(CCN(CC(=O)[O-])CC(=O)NCCOC)CC(=O)[O-])CC(=O)[O-],0.0
NC1=CC(=NC(=N)N1O)N2CCCCC2,0.0
CC(COc1ccccc1)N(CCCl)Cc2ccccc2,0.0
CN(C)C(=O)C(CCN1CCC(O)(CC1)c2ccc(Cl)cc2)(c3ccccc3)c4ccccc4,0.0
CCNC(=O)N(CCCN(C)C)C(=O)[C@@H]1C[C@H]2[C@@H](Cc3c[nH]c4cccc2c34)N(CC=C)C1,0.0
COc1ccccc1OCC(O)CO,0.0
OCC(O)COC(=O)c1ccccc1Nc2ccnc3cc(Cl)ccc23,1.0
CCCCC[C@](C)(O)\C=C\[C@H]1[C@H](O)C[C@H](O)[C@@H]1C\C=C\CCCC(=O)O,0.0
CC[N+](C)(C)c1cccc(O)c1,0.0
NC(=O)C([C@@H]1CCN(CCc2ccc3OCCc3c2)C1)(c4ccccc4)c5ccccc5,0.0
C[C@@H]1CCN([C@H](C1)C(=O)O)C(=O)[C@H](CCCN=C(N)N)NS(=O)(=O)c2cccc3C[C@@H](C)CNc23,0.0
CC(N)C(=O)OC(C)(C)Cc1ccc(Cl)cc1,1.0
CCC1=NN(CCCN2CCN(CC2)c3cccc(Cl)c3)C(=O)N1CCOc4ccccc4,1.0
CCc1oc2ccccc2c1C(=O)c3cc(I)c(O)c(I)c3,1.0
NCC[C@H](O)C(=O)N[C@@H]1C[C@H](N)[C@@H](O[C@H]2O[C@H](CN)[C@@H](O)[C@H](O)[C@H]2O)[C@H](O)[C@H]1O[C@H]3O[C@H](CO)[C@@H](O)[C@H](N)[C@H]3O,0.0
CC[C@]12CC[C@H]3[C@@H](CCC4=CC(=O)CC[C@H]34)[C@@H]1CC[C@@]2(O)C#C,0.0
C[C@]12CCC3[C@@H](CC[C@H]4NC(=O)C=C[C@]34C)[C@@H]1CC[C@@H]2C(=O)Nc5cc(ccc5C(F)(F)F)C(F)(F)F,0.0
C[N+]1(C)CCC(C1)OC(=O)C(O)(C2CCCC2)c3ccccc3,0.0
CN(CC=CC#CC(C)(C)C)Cc1cccc2ccccc12,1.0
COc1ccc(C[C@@H]2c3cc(OC)c(OC)cc3CC[N@+]2(C)CCC(=O)OCCCCCOC(=O)CC[N@@+]4(C)CCc5cc(OC)c(OC)cc5[C@H]4Cc6ccc(OC)c(OC)c6)cc1OC,0.0
O[C@H]1CC[C@@]2(O)[C@H]3Cc4ccc(O)c5OC1[C@]2(CCN3CC6CCC6)c45,0.0
NC1=NC(=O)N(C=C1)[C@@H]2O[C@H](CO)[C@@H](O)C2(F)F,1.0
COc1cc2nc(nc(N)c2cc1OC)N3CCN(CC3)C(=O)C4CCCO4,0.0
N[C@@H]1CCCC[C@H]1N,1.0
CN1CC[C@]23[C@H]4Oc5c(O)ccc(C[C@@H]1[C@]2(O)CCC4=O)c35,0.0
Cc1ncc2CN=C(c3ccccc3F)c4cc(Cl)ccc4n12,0.0
CC[C@H]1OC(=O)[C@H](C)C(=O)[C@H](C)[C@@H](O[C@@H]2O[C@H](C)C[C@@H]([C@H]2O)N(C)C)[C@](C)(C[C@@H](C)C(=O)[C@H](C)[C@H]3N(CCCCn4cnc(c4)c5cccnc5)C(=O)O[C@]13C)OC,1.0
OCCCC(=O)[O-],0.0
CN(C)[C@H]1[C@@H]2C[C@@H]3Cc4c(ccc(O)c4C(=C3C(=O)[C@]2(O)C(=O)\C(=C(\N)/O)\C1=O)O)N(C)C,1.0
C[C@]1(O)CC[C@H]2[C@@H]3CC[C@H]4CC(=O)C(=CO)C[C@]4(C)[C@H]3CC[C@]12C,1.0
CC[C@H](C)[C@H](NC(=O)[C@H](CCC(=O)O)NC(=O)[C@H](CO)NC(=O)[C@@H](NC(=O)[C@@H](N)CO)C(C)C)C(=O)N[C@@H](CCC(=O)N)C(=O)N[C@@H](CC(C)C)C(=O)N[C@@H](CCSC)C(=O)N[C@@H](Cc1c[nH]cn1)C(=O)N[C@@H](CC(=O)N)C(=O)N[C@@H](CC(C)C)C(=O)NCC(=O)N[C@@H](CCCCN)C(=O)N[C@@H](Cc2c[nH]cn2)C(=O)N[C@@H](CC(C)C)C(=O)N[C@@H](CC(=O)N)C(=O)N[C@@H](CO)C(=O)N[C@@H](CCSC)C(=O)N[C@@H](CCC(=O)O)C(=O)N[C@@H](CCCNC(=N)N)C(=O)N[C@@H](C(C)C)C(=O)N[C@@H](CCC(=O)O)C(=O)N[C@@H](Cc3c[nH]c4ccccc34)C(=O)N[C@@H](CC(C)C)C(=O)N[C@@H](CCCNC(=N)N)C(=O)N[C@@H](CCCCN)C(=O)N[C@@H](CCCCN)C(=O)N[C@@H](CC(C)C)C(=O)N[C@@H](CCC(=O)N)C(=O)N[C@@H](CC(=O)O)C(=O)N[C@@H](C(C)C)C(=O)N[C@@H](Cc5c[nH]cn5)C(=O)N[C@@H](CC(=O)N)C(=O)N[C@@H](Cc6ccccc6)C(=O)O,0.0
CC(C)N(CC[C@H](c1ccccc1)c2cc(CO)ccc2OC(=O)C(C)C)C(C)C,0.0
NC(=O)NO,1.0
COc1ccc2c(C(=O)c3ccc(Cl)cc3)c(C)n(CC(=O)O)c2c1,1.0
CNCCCC1c2ccccc2C=Cc3ccccc13,0.0
CCOC(=O)C1(CCN(CCC(C#N)(c2ccccc2)c3ccccc3)CC1)c4ccccc4,0.0
COc1cccc2OC[C@H]3CN(CCCCN4C(=O)Nc5c(sc6ncc(nc56)c7ccccc7)C4=O)C[C@H]3c12,1.0
CCc1cccc2c3CCOC(CC)(CC(=O)O)c3[nH]c12,1.0
CC(CNC(=O)CC[C@]1(C)[C@@H](CC(=O)N)C2[N-]/C/1=C(/C)\C3=N\C(=C/C4=N\C(=C(\C)/C5=N[C@]2(C)[C@@](C)(CC(=O)N)[C@@H]5CCC(=O)N)\[C@@](C)(CC(=O)N)[C@@H]4CCC(=O)N)\C(C)(C)[C@@H]3CCC(=O)N)OP(=O)(O)OC6C(O)[C@H](O[C@H]6CO)n7cnc8cc(C)c(C)cc78,0.0
COc1ccc2c(c1)c(CC(=O)O)c(C)n2C(=O)c3ccc(Cl)cc3,1.0
C[C@]12Cc3cnoc3C=C1CC[C@@H]4[C@@H]2CC[C@@]5(C)[C@H]4CC[C@@]5(O)C#C,1.0
OC(CCN1CCCC1)(C2CCCCC2)c3ccccc3,0.0
Cc1cccc(Nc2ccccc2C(=O)O)c1C,1.0
NC(=NCCCCC1NC(=O)CCSSCC(NC(=O)C2CCCN2C(=O)C(Cc3c[nH]c4ccccc34)NC(=O)C(CC(=O)O)NC(=O)CNC1=O)C(=O)N)N,0.0
Cc1ccc(cc1)\C(=C/CN2CCCC2)\c3ccccn3,0.0
NCCc1cnc[nH]1,0.0
COc1cc2CC[N+](C)(CCCOC(=O)CC\C=C\CCC(=O)OCCC[N+]3(C)CCc4cc(OC)c(OC)cc4[C@H]3Cc5cc(OC)c(OC)c(OC)c5)[C@H](Cc6cc(OC)c(OC)c(OC)c6)c2cc1OC,0.0
C[C@](N)(Cc1ccc(O)cc1)C(=O)O,0.0
CN1CCCCC1C(=O)Nc2c(C)cccc2C,0.0
Oc1ccc2C[C@H]3N(CC4CCC4)CC[C@@]5(CCCC[C@@]35O)c2c1,0.0
CC1(C)NC(=O)N(C1=O)c2ccc(c(c2)C(F)(F)F)N(=O)=O,1.0
CCC(C)[C@H](N)C1=NCC(S1)C(=O)N[C@@H](CC(C)C)C(=O)N[C@H](CCC(=O)O)C(=O)N[C@@H](C(C)CC)C(=O)N[C@H]2CCCCNC(=O)[C@H](CC(=O)N)NC(=O)[C@@H](CC(=O)O)NC(=O)[C@H](Cc3cnc[nH]3)NC(=O)[C@@H](Cc4ccccc4)NC(=O)[C@@H](NC(=O)[C@@H](CCCN)NC2=O)C(C)CC,0.0
CC(N(O)C(=O)N)c1cc2ccccc2s1,1.0
CC(CCc1ccc(O)cc1)NCCc2ccc(O)c(O)c2,0.0
NC1[C@H]2CN(C[C@@H]12)c3nc4N(C=C(C(=O)O)C(=O)c4cc3F)c5ccc(F)cc5F,1.0
COc1ccc2C[C@H]3N(C)CC[C@@]45[C@@H](Oc1c24)C(=O)CC[C@@]35O,0.0
Cc1ccc(C)c(OCCCC(C)(C)C(=O)O)c1,1.0
CNC(=O)Oc1ccc2N(C)[C@H]3N(C)CC[C@@]3(C)c2c1,0.0
NC(=NCCN1CCCCCCC1)N,0.0
CCC[C@@]1(CCc2ccccc2)CC(=O)C(=C(O)O1)[C@H](CC)c3cccc(NS(=O)(=O)c4ccc(cn4)C(F)(F)F)c3,1.0
C[N+](C)(C)CC(=O)[O-],0.0
CC(Cc1ccccc1)N(C)Cc2ccccc2,0.0
C[C@]12CC[C@H]3[C@@H](CCC4=CC(=O)CC[C@]34C)[C@@H]1CC[C@@H]2O,1.0
CN1CC[C@]23CCCC[C@H]2[C@H]1Cc4ccc(O)cc34,0.0
O=N(=O)O[C@@H]1CO[C@@H]2[C@H](CO[C@H]12)ON(=O)=O,0.0
Clc1ccc2c(c1)C(=NCc3nncn23)c4ccccc4,0.0
OC(C(=O)OC1C[C@@H]2CCC(C1)[N+]23CCCC3)(c4ccccc4)c5ccccc5,0.0
CC(C)(C)NC[C@H](O)COc1ccccc1C2CCCC2,0.0
CN(Cc1cnc2nc(N)nc(N)c2n1)c3ccc(cc3)C(=O)N[C@@H](CCC(=O)O)C(=O)O,1.0
Cc1ncc(C[n+]2csc(CCO)c2C)c(N)n1,0.0
C[N+](C)(C)CCOC(=O)CCC(=O)OCC[N+](C)(C)C,0.0
C[C@]12CC[C@H]3[C@@H](CCC4=CC(=O)CC[C@H]34)[C@@H]1CC[C@@H]2O,1.0
Fc1ccccc1C2=NCC(=S)N(CC(F)(F)F)c3ccc(Cl)cc23,0.0
CCCCN1C(=O)[C@H](NC(=O)C12CCN(Cc3ccc(Oc4ccc(cc4)C(=O)O)cc3)CC2)[C@H](O)C5CCCCC5,1.0
OC(=O)c1cc(ccc1O)c2ccc(F)cc2F,1.0
COC1=CC(=O)C[C@@H](C)[C@]12Oc3c(Cl)c(OC)cc(OC)c3C2=O,1.0
CN1C=CNC1=S,1.0
OC(=O)CCCCCC[NH2+]C1c2ccccc2CCc3ccccc13,1.0
CC(COc1ccccc1)NC(C)C(O)c2ccc(O)cc2,0.0
Cc1ccc(Nc2c(F)cccc2Cl)c(CC(=O)O)c1,1.0
[O-]S(=O)(=S)[O-],0.0
OCC(S)CS,0.0
Cc1oncc1C(=O)Nc2ccc(cc2)C(F)(F)F,1.0
Nc1nc2ccc(OC(F)(F)F)cc2s1,1.0
CC[C@@H](CO)NC(=O)[C@H]1CN(C)[C@@H]2Cc3c[nH]c4cccc(C2=C1)c34,0.0
NC(=O)C1CCN(CCCN2c3ccccc3Sc4ccc(Cl)cc24)CC1,1.0
CCOC(Nc1ccc(cc1)C(=O)O)C(=O)c2ccc(cc2)c3ccccc3,1.0
NC1=NC(=O)N(C=C1)[C@@H]2O[C@H](CO)[C@@H](O)[C@@H]2O,1.0
CC1(C)S[C@@H]2[C@H](NC(=O)COc3ccccc3)C(=O)N2[C@H]1C(=O)O,0.0
CC(=O)Oc1ccccc1C(=O)Nc2ncc(s2)N(=O)=O,0.0
CC[N+](CC)(CCNC(=O)C(=O)NCC[N+](CC)(CC)Cc1ccccc1Cl)Cc2ccccc2Cl,0.0
CC(=O)OC1(CCC2C3CCC4=CC(=O)CCC4C3CCC12C)C#C,0.0
CC(C)CN(C[C@@H](O)[C@H](Cc1ccccc1)NC(=O)O[C@H]2CO[C@H]3OCC[C@@H]23)S(=O)(=O)c4ccc(N)cc4,1.0
NC[C@H](O)c1ccc(O)c(O)c1,0.0
CC(C)[C@H](NC(=O)N(C)Cc1csc(n1)C(C)C)C(=O)N[C@H](C[C@H](O)[C@H](Cc2ccccc2)NC(=O)OCc3cncs3)Cc4ccccc4,1.0
CN[C@@H](C)[C@@H](O)c1ccccc1,0.0
CCC1NC(=O)C([C@H](O)[C@H](C)C\C=C\C)N(C)C(=O)C(C(C)C)N(C)C(=O)C(CC(C)C)N(C)C(=O)C(CC(C)C)N(C)C(=O)C(C)NC(=O)C(C)NC(=O)C(CC(C)C)N(C)C(=O)C(NC(=O)C(CC(C)C)N(C)C(=O)CN(C)C1=O)C(C)C,1.0
Cc1cc(Br)c(O)c2ncccc12,1.0
CN(C)CCc1c[nH]c2ccc(Cn3cncn3)cc12,0.0
NNC(=O)c1ccncc1,1.0
Nc1ccc(cc1)C(=O)NCC(=O)O,0.0
CC(C)N(CC[C@@H](c1ccccc1)c2cc(C)ccc2O)C(C)C,0.0
OC(=O)C1=C\C(=N\Nc2ccc(cc2)S(=O)(=O)Nc3ccccn3)\C=CC1=O,1.0
NC(=Nc1nc(CSCCN=CNS(=O)(=O)c2ccc(Br)cc2)cs1)N,1.0
CCCCCN(C)CCC(O)(P(=O)(O)O)P(=O)(O)O,0.0
CCCCOCC(CN1C(=O)N(CC(COCCCC)OC(=O)N)C(=O)C(CC)(C1=O)c2ccccc2)OC(=O)N,1.0
C[C@H]1CN(C[C@H](Cc2ccccc2)C(=O)NCC(=O)O)CC[C@@]1(C)c3cccc(O)c3,0.0
CC[C@H](C)[C@H](NC(=O)[C@@H]1CCCN1C(=O)CNC(=O)[C@H](Cc2ccccc2)NC(=O)[C@H](CC(=O)N)NC(=O)[C@H](CC(=O)N)NC(=O)[C@H](CO)NC(=O)[C@H](CO)NC(=O)[C@H](Cc3cnc[nH]3)NC(=O)[C@@H](NC(=O)[C@H](CC(C)C)NC(=O)[C@H](Cc4ccccc4)NC(=O)[C@H](CC(=O)N)NC(=O)[C@H](C)NC(=O)[C@H](CC(C)C)NC(=O)[C@H](CCCNC(=N)N)NC(=O)[C@H](CCC(=O)N)NC(=O)[C@@H](NC(=O)[C@H](C)NC(=O)[C@H](CS)NC(=O)[C@@H](NC(=O)[C@H](C)NC(=O)[C@@H](NC(=O)[C@H](CC(=O)N)NC(=O)[C@H](CS)NC(=O)[C@@H](N)CCCCN)[C@@H](C)O)[C@@H](C)O)[C@@H](C)O)C(C)C)C(=O)N[C@@H](CC(C)C)C(=O)N5CCC[C@H]5C(=O)N6CCC[C@H]6C(=O)N[C@@H]([C@@H](C)O)C(=O)N[C@@H](CC(=O)N)C(=O)N[C@@H](C(C)C)C(=O)NCC(=O)N[C@@H](CO)C(=O)N[C@@H](CC(=O)N)C(=O)N[C@@H]([C@@H](C)O)C(=O)N[C@@H](Cc7ccc(O)cc7)C(=O)N,0.0
OC(CCN1CCCCC1)(C2CC3CC2C=C3)c4ccccc4,0.0
CC(C)Cc1ccc(CC(=O)O)cc1,1.0
NCC1OC(OC2C(O)C(OC3C(O)C(N)CC(N)C3OC4OC(CN)C(O)C(O)C4N)OC2CO)C(N)C(O)C1O,0.0
CC1=C(N\N=C\2/C=CC=C(C2=O)c3cccc(c3)C(=O)O)C(=O)N(N1)c4ccc(C)c(C)c4,1.0
NCCCNCCSP(=O)(O)O,0.0
OC(CCN1CCCCC1)(C2CCCCC2)c3ccccc3,0.0
CCc1oc2ccccc2c1C(=O)c3cc(Br)c(O)c(Br)c3,1.0
C\C(=C/C=C/C(=C\C(=O)O)/C)\C=C\C1=C(C)CCCC1(C)C,1.0
CN(c1ccc2c(C)n(C)nc2c1)c3ccnc(Nc4ccc(C)c(c4)S(=O)(=O)N)n3,1.0
CC1=CN([C@H]2C[C@H](N=[N+]=[N-])[C@@H](CO)O2)C(=O)NC1=O,1.0
CN1CCC(CC1)Nc2ncc3ncnc(Nc4ccc(F)c(Cl)c4)c3n2,1.0
OCCOCCN1CCN(CC1)C(c2ccccc2)c3ccc(Cl)cc3,0.0
CCO[C@@H]1OC(=O)C[C@@H]1NC(=O)[C@@H]2CCCN3N2C(=O)[C@H](CCC3=O)NC(=O)c4nccc5ccccc45,1.0
COc1cccc2C(=O)c3c(O)c4C[C@](O)(C[C@H](O[C@H]5C[C@H](N)[C@H](O)[C@H](C)O5)c4c(O)c3C(=O)c12)C(=O)C,0.0
CCN(CC)CCNC(=O)c1c(C)[nH]c(\C=C\2/C(=O)Nc3ccc(F)cc23)c1C,1.0
N[C@@H](Cc1cc(I)c(Oc2ccc(O)c(I)c2)c(I)c1)C(=O)O,0.0
CN1C[C@@H](C[C@H]2[C@H]1Cc3c[nH]c4cccc2c34)C(=O)N[C@]5(C)O[C@@]6(O)[C@@H]7CCCN7C(=O)[C@H](Cc8ccccc8)N6C5=O,0.0
Cc1cc(cc(C)c1Oc2nc(Nc3ccc(cc3)C#N)nc(N)c2Br)C#N,1.0
FC(F)(F)C(F)(F)C(F)(F)F,0.0
CN1CCC[C@@H]1CCO[C@](C)(c2ccccc2)c3ccc(Cl)cc3,0.0
CO[C@@H]1C[C@H](C[C@@H](C)[C@@H]2CC(=O)[C@H](C)\C=C(/C)\[C@@H](O)[C@@H](OC)C(=O)[C@H](C)C[C@H](C)\C=C\C=C\C=C(/C)\[C@H](C[C@@H]3CC[C@@H](C)[C@@](O)(O3)C(=O)C(=O)N4CCCC[C@H]4C(=O)O2)OC)CC[C@H]1OC(=O)C(C)(CO)CO,0.0
CCN(CC)CCOC(=O)C1(CCCCC1)C2CCCCC2,0.0
CCN(CC)C(C)C(=O)c1ccccc1,0.0
CN1C(=O)CC(C)(C1=O)c2ccccc2,0.0
CC(C[N+](C)(C)C)OC(=O)N,0.0
OC(=O)Cc1ccc(OCC=C)c(Cl)c1,1.0
CC(C(=O)O)c1ccc(N2CC=CC2)c(Cl)c1,1.0
CC(=O)Nc1c(I)c(NC(=O)C)c(I)c(C(=O)O)c1I,0.0
CC(=O)Oc1ccc(cc1)C2(C(=O)N(C(=O)C)c3ccccc23)c4ccc(OC(=O)C)cc4,1.0
CCN1N=NN(CCN2CCC(COC)(CC2)N(C(=O)CC)c3ccccc3)C1=O,0.0
CN1CCN(CC1)C2=C3C=CC=CC3=Nc4ccc(Cl)cc4N2,1.0
CN1[C@H]2CC[C@@H]1CC(C2)OC(=O)C(CO)c3ccccc3,0.0
